Copyright 1986-2022 Xilinx, Inc. All Rights Reserved. Copyright 2022-2024 Advanced Micro Devices, Inc. All Rights Reserved.
---------------------------------------------------------------------------------------------------------------------------------------------------------------------------------------------------------------------------------
| Tool Version : Vivado v.2024.2 (win64) Build 5239630 Fri Nov 08 22:35:27 MST 2024
| Date         : Wed Mar 25 17:47:20 2026
| Host         : ZZZixth running 64-bit major release  (build 9200)
| Command      : report_timing_summary -max_paths 10 -report_unconstrained -file ibex_soc_top_timing_summary_routed.rpt -pb ibex_soc_top_timing_summary_routed.pb -rpx ibex_soc_top_timing_summary_routed.rpx -warn_on_violation
| Design       : ibex_soc_top
| Device       : 7z015-clg485
| Speed File   : -2  PRODUCTION 1.12 2019-11-22
| Design State : Routed
---------------------------------------------------------------------------------------------------------------------------------------------------------------------------------------------------------------------------------

Timing Summary Report

------------------------------------------------------------------------------------------------
| Timer Settings
| --------------
------------------------------------------------------------------------------------------------

  Enable Multi Corner Analysis               :  Yes
  Enable Pessimism Removal                   :  Yes
  Pessimism Removal Resolution               :  Nearest Common Node
  Enable Input Delay Default Clock           :  No
  Enable Preset / Clear Arcs                 :  No
  Disable Flight Delays                      :  No
  Ignore I/O Paths                           :  No
  Timing Early Launch at Borrowing Latches   :  No
  Borrow Time for Max Delay Exceptions       :  Yes
  Merge Timing Exceptions                    :  Yes
  Inter-SLR Compensation                     :  Conservative

  Corner  Analyze    Analyze    
  Name    Max Paths  Min Paths  
  ------  ---------  ---------  
  Slow    Yes        Yes        
  Fast    Yes        Yes        


------------------------------------------------------------------------------------------------
| Report Methodology
| ------------------
------------------------------------------------------------------------------------------------

Rule       Severity          Description                                 Violations  
---------  ----------------  ------------------------------------------  ----------  
TIMING-14  Critical Warning  LUT on the clock tree                       1           
SYNTH-6    Warning           Timing of a RAM block might be sub-optimal  4           
TIMING-18  Warning           Missing input or output delay               4           
LATCH-1    Advisory          Existing latches in the design              1           

Note: This report is based on the most recent report_methodology run and may not be up-to-date. Run report_methodology on the current design for the latest report.



check_timing report

Table of Contents
-----------------
1. checking no_clock (0)
2. checking constant_clock (0)
3. checking pulse_width_clock (0)
4. checking unconstrained_internal_endpoints (0)
5. checking no_input_delay (0)
6. checking no_output_delay (4)
7. checking multiple_clock (0)
8. checking generated_clocks (0)
9. checking loops (0)
10. checking partial_input_delay (0)
11. checking partial_output_delay (0)
12. checking latch_loops (0)

1. checking no_clock (0)
------------------------
 There are 0 register/latch pins with no clock.


2. checking constant_clock (0)
------------------------------
 There are 0 register/latch pins with constant_clock.


3. checking pulse_width_clock (0)
---------------------------------
 There are 0 register/latch pins which need pulse_width check


4. checking unconstrained_internal_endpoints (0)
------------------------------------------------
 There are 0 pins that are not constrained for maximum delay.

 There are 0 pins that are not constrained for maximum delay due to constant clock.


5. checking no_input_delay (0)
------------------------------
 There are 0 input ports with no input delay specified.

 There are 0 input ports with no input delay but user has a false path constraint.


6. checking no_output_delay (4)
-------------------------------
 There are 4 ports with no output delay specified. (HIGH)

 There are 0 ports with no output delay but user has a false path constraint

 There are 0 ports with no output delay but with a timing clock defined on it or propagating through it


7. checking multiple_clock (0)
------------------------------
 There are 0 register/latch pins with multiple clocks.


8. checking generated_clocks (0)
--------------------------------
 There are 0 generated clocks that are not connected to a clock source.


9. checking loops (0)
---------------------
 There are 0 combinational loops in the design.


10. checking partial_input_delay (0)
------------------------------------
 There are 0 input ports with partial input delay specified.


11. checking partial_output_delay (0)
-------------------------------------
 There are 0 ports with partial output delay specified.


12. checking latch_loops (0)
----------------------------
 There are 0 combinational latch loops in the design through latch input



------------------------------------------------------------------------------------------------
| Design Timing Summary
| ---------------------
------------------------------------------------------------------------------------------------

    WNS(ns)      TNS(ns)  TNS Failing Endpoints  TNS Total Endpoints      WHS(ns)      THS(ns)  THS Failing Endpoints  THS Total Endpoints     WPWS(ns)     TPWS(ns)  TPWS Failing Endpoints  TPWS Total Endpoints  
    -------      -------  ---------------------  -------------------      -------      -------  ---------------------  -------------------     --------     --------  ----------------------  --------------------  
      4.050        0.000                      0                 5756       -0.239      -13.397                    111                 5756        9.500        0.000                       0                  2001  


Timing constraints are not met.


------------------------------------------------------------------------------------------------
| Clock Summary
| -------------
------------------------------------------------------------------------------------------------

Clock       Waveform(ns)       Period(ns)      Frequency(MHz)
-----       ------------       ----------      --------------
clk_fpga_0  {0.000 10.000}     20.000          50.000          
pl_clk      {0.000 10.000}     20.000          50.000          


------------------------------------------------------------------------------------------------
| Intra Clock Table
| -----------------
------------------------------------------------------------------------------------------------

Clock             WNS(ns)      TNS(ns)  TNS Failing Endpoints  TNS Total Endpoints      WHS(ns)      THS(ns)  THS Failing Endpoints  THS Total Endpoints     WPWS(ns)     TPWS(ns)  TPWS Failing Endpoints  TPWS Total Endpoints  
-----             -------      -------  ---------------------  -------------------      -------      -------  ---------------------  -------------------     --------     --------  ----------------------  --------------------  
pl_clk              4.050        0.000                      0                 4074       -0.239      -13.397                    111                 4074        9.500        0.000                       0                  2001  


------------------------------------------------------------------------------------------------
| Inter Clock Table
| -----------------
------------------------------------------------------------------------------------------------

From Clock    To Clock          WNS(ns)      TNS(ns)  TNS Failing Endpoints  TNS Total Endpoints      WHS(ns)      THS(ns)  THS Failing Endpoints  THS Total Endpoints  
----------    --------          -------      -------  ---------------------  -------------------      -------      -------  ---------------------  -------------------  


------------------------------------------------------------------------------------------------
| Other Path Groups Table
| -----------------------
------------------------------------------------------------------------------------------------

Path Group         From Clock         To Clock               WNS(ns)      TNS(ns)  TNS Failing Endpoints  TNS Total Endpoints      WHS(ns)      THS(ns)  THS Failing Endpoints  THS Total Endpoints  
----------         ----------         --------               -------      -------  ---------------------  -------------------      -------      -------  ---------------------  -------------------  
**async_default**  pl_clk             pl_clk                   9.842        0.000                      0                 1682        0.707        0.000                      0                 1682  


------------------------------------------------------------------------------------------------
| User Ignored Path Table
| -----------------------
------------------------------------------------------------------------------------------------

Path Group    From Clock    To Clock    
----------    ----------    --------    


------------------------------------------------------------------------------------------------
| Unconstrained Path Table
| ------------------------
------------------------------------------------------------------------------------------------

Path Group    From Clock    To Clock    
----------    ----------    --------    
(none)        pl_clk                      


------------------------------------------------------------------------------------------------
| Timing Details
| --------------
------------------------------------------------------------------------------------------------


---------------------------------------------------------------------------------------------------
From Clock:  pl_clk
  To Clock:  pl_clk

Setup :            0  Failing Endpoints,  Worst Slack        4.050ns,  Total Violation        0.000ns
Hold  :          111  Failing Endpoints,  Worst Slack       -0.239ns,  Total Violation      -13.397ns
PW    :            0  Failing Endpoints,  Worst Slack        9.500ns,  Total Violation        0.000ns
---------------------------------------------------------------------------------------------------


Max Delay Paths
--------------------------------------------------------------------------------------
Slack (MET) :             4.050ns  (required time - arrival time)
  Source:                 u_ibex/u_ibex_core/if_stage_i/g_instr_rdata_nr.instr_rdata_id_o_reg[21]/C
                            (rising edge-triggered cell FDRE clocked by pl_clk  {rise@0.000ns fall@10.000ns period=20.000ns})
  Destination:            u_ibex/gen_regfile_ff.register_file_i/g_rf_flops[27].rf_reg_q_reg[31]/D
                            (rising edge-triggered cell FDCE clocked by pl_clk  {rise@0.000ns fall@10.000ns period=20.000ns})
  Path Group:             pl_clk
  Path Type:              Setup (Max at Slow Process Corner)
  Requirement:            20.000ns  (pl_clk rise@20.000ns - pl_clk rise@0.000ns)
  Data Path Delay:        15.671ns  (logic 5.474ns (34.930%)  route 10.197ns (65.070%))
  Logic Levels:           11  (DSP48E1=1 LUT2=1 LUT4=2 LUT5=1 LUT6=5 MUXF7=1)
  Clock Path Skew:        -0.184ns (DCD - SCD + CPR)
    Destination Clock Delay (DCD):    5.348ns = ( 25.348 - 20.000 ) 
    Source Clock Delay      (SCD):    6.092ns
    Clock Pessimism Removal (CPR):    0.559ns
  Clock Uncertainty:      0.035ns  ((TSJ^2 + TIJ^2)^1/2 + DJ) / 2 + PE
    Total System Jitter     (TSJ):    0.071ns
    Total Input Jitter      (TIJ):    0.000ns
    Discrete Jitter          (DJ):    0.000ns
    Phase Error              (PE):    0.000ns

    Location             Delay type                Incr(ns)  Path(ns)    Netlist Resource(s)
  -------------------------------------------------------------------    -------------------
                         (clock pl_clk rise edge)     0.000     0.000 r  
    Y14                                               0.000     0.000 r  pl_clk (IN)
                         net (fo=0)                   0.000     0.000    pl_clk
    Y14                  IBUF (Prop_ibuf_I_O)         1.465     1.465 r  pl_clk_IBUF_inst/O
                         net (fo=2, routed)           2.428     3.893    u_ibex/core_clock_gate_i/pl_clk_IBUF
    SLICE_X60Y46         LUT2 (Prop_lut2_I1_O)        0.105     3.998 r  u_ibex/core_clock_gate_i/g_rf_flops[1].rf_reg_q[31]_i_8/O
                         net (fo=1, routed)           0.598     4.597    u_ibex_n_32
    BUFGCTRL_X0Y0        BUFG (Prop_bufg_I_O)         0.085     4.682 r  g_rf_flops[1].rf_reg_q_reg[31]_i_2/O
                         net (fo=1841, routed)        1.410     6.092    u_ibex/u_ibex_core/if_stage_i/CLK
    SLICE_X66Y48         FDRE                                         r  u_ibex/u_ibex_core/if_stage_i/g_instr_rdata_nr.instr_rdata_id_o_reg[21]/C
  -------------------------------------------------------------------    -------------------
    SLICE_X66Y48         FDRE (Prop_fdre_C_Q)         0.433     6.525 r  u_ibex/u_ibex_core/if_stage_i/g_instr_rdata_nr.instr_rdata_id_o_reg[21]/Q
                         net (fo=365, routed)         1.697     8.222    u_ibex/gen_regfile_ff.register_file_i/Q[11]
    SLICE_X56Y75         LUT6 (Prop_lut6_I2_O)        0.105     8.327 r  u_ibex/gen_regfile_ff.register_file_i/gen_intermediate_val_reg[1].imd_val_q[1][31]_i_16/O
                         net (fo=1, routed)           0.000     8.327    u_ibex/gen_regfile_ff.register_file_i/gen_intermediate_val_reg[1].imd_val_q[1][31]_i_16_n_0
    SLICE_X56Y75         MUXF7 (Prop_muxf7_I1_O)      0.182     8.509 r  u_ibex/gen_regfile_ff.register_file_i/gen_intermediate_val_reg[1].imd_val_q_reg[1][31]_i_9/O
                         net (fo=1, routed)           0.568     9.077    u_ibex/gen_regfile_ff.register_file_i/gen_intermediate_val_reg[1].imd_val_q_reg[1][31]_i_9_n_0
    SLICE_X57Y74         LUT6 (Prop_lut6_I3_O)        0.252     9.329 r  u_ibex/gen_regfile_ff.register_file_i/gen_intermediate_val_reg[1].imd_val_q[1][31]_i_4/O
                         net (fo=9, routed)           1.390    10.719    u_ibex/u_ibex_core/if_stage_i/rf_rdata_b[31]
    SLICE_X77Y57         LUT5 (Prop_lut5_I0_O)        0.108    10.827 r  u_ibex/u_ibex_core/if_stage_i/mac_res_signed_i_69/O
                         net (fo=5, routed)           1.065    11.892    u_ibex/u_ibex_core/ex_block_i/gen_multdiv_fast.multdiv_i/div_sign_b__0
    SLICE_X89Y57         LUT2 (Prop_lut2_I1_O)        0.286    12.178 r  u_ibex/u_ibex_core/ex_block_i/gen_multdiv_fast.multdiv_i/mac_res_signed_i_1/O
                         net (fo=2, routed)           0.572    12.750    u_ibex/u_ibex_core/ex_block_i/gen_multdiv_fast.multdiv_i/B_1[16]
    DSP48_X3Y22          DSP48E1 (Prop_dsp48e1_B[17]_P[15])
                                                      3.238    15.988 r  u_ibex/u_ibex_core/ex_block_i/gen_multdiv_fast.multdiv_i/mac_res_signed/P[15]
                         net (fo=3, routed)           1.174    17.162    u_ibex/u_ibex_core/ex_block_i/gen_multdiv_fast.multdiv_i/mac_res_signed__0[15]
    SLICE_X82Y59         LUT4 (Prop_lut4_I2_O)        0.115    17.277 r  u_ibex/u_ibex_core/ex_block_i/gen_multdiv_fast.multdiv_i/gen_intermediate_val_reg[0].imd_val_q[0][31]_i_4/O
                         net (fo=2, routed)           0.681    17.958    u_ibex/u_ibex_core/if_stage_i/g_rf_flops[1].rf_reg_q[31]_i_11_0
    SLICE_X81Y58         LUT4 (Prop_lut4_I1_O)        0.278    18.236 r  u_ibex/u_ibex_core/if_stage_i/g_rf_flops[1].rf_reg_q[31]_i_17/O
                         net (fo=1, routed)           0.578    18.814    u_ibex/u_ibex_core/if_stage_i/g_rf_flops[1].rf_reg_q[31]_i_17_n_0
    SLICE_X73Y58         LUT6 (Prop_lut6_I0_O)        0.267    19.081 r  u_ibex/u_ibex_core/if_stage_i/g_rf_flops[1].rf_reg_q[31]_i_11/O
                         net (fo=1, routed)           0.342    19.423    u_ibex/u_ibex_core/if_stage_i/g_rf_flops[1].rf_reg_q[31]_i_11_n_0
    SLICE_X71Y59         LUT6 (Prop_lut6_I3_O)        0.105    19.528 r  u_ibex/u_ibex_core/if_stage_i/g_rf_flops[1].rf_reg_q[31]_i_4/O
                         net (fo=1, routed)           0.691    20.219    u_ibex/u_ibex_core/load_store_unit_i/rf_wdata_wb_o00_out[0]
    SLICE_X79Y57         LUT6 (Prop_lut6_I0_O)        0.105    20.324 r  u_ibex/u_ibex_core/load_store_unit_i/g_rf_flops[1].rf_reg_q[31]_i_1/O
                         net (fo=31, routed)          1.439    21.763    u_ibex/gen_regfile_ff.register_file_i/wdata_a_i[31]
    SLICE_X56Y76         FDCE                                         r  u_ibex/gen_regfile_ff.register_file_i/g_rf_flops[27].rf_reg_q_reg[31]/D
  -------------------------------------------------------------------    -------------------

                         (clock pl_clk rise edge)    20.000    20.000 r  
    Y14                                               0.000    20.000 r  pl_clk (IN)
                         net (fo=0)                   0.000    20.000    pl_clk
    Y14                  IBUF (Prop_ibuf_I_O)         1.399    21.399 r  pl_clk_IBUF_inst/O
                         net (fo=2, routed)           2.039    23.438    u_ibex/core_clock_gate_i/pl_clk_IBUF
    SLICE_X60Y46         LUT2 (Prop_lut2_I1_O)        0.084    23.522 r  u_ibex/core_clock_gate_i/g_rf_flops[1].rf_reg_q[31]_i_8/O
                         net (fo=1, routed)           0.523    24.045    u_ibex_n_32
    BUFGCTRL_X0Y0        BUFG (Prop_bufg_I_O)         0.077    24.122 r  g_rf_flops[1].rf_reg_q_reg[31]_i_2/O
                         net (fo=1841, routed)        1.226    25.348    u_ibex/gen_regfile_ff.register_file_i/CLK
    SLICE_X56Y76         FDCE                                         r  u_ibex/gen_regfile_ff.register_file_i/g_rf_flops[27].rf_reg_q_reg[31]/C
                         clock pessimism              0.559    25.908    
                         clock uncertainty           -0.035    25.872    
    SLICE_X56Y76         FDCE (Setup_fdce_C_D)       -0.059    25.813    u_ibex/gen_regfile_ff.register_file_i/g_rf_flops[27].rf_reg_q_reg[31]
  -------------------------------------------------------------------
                         required time                         25.813    
                         arrival time                         -21.763    
  -------------------------------------------------------------------
                         slack                                  4.050    

Slack (MET) :             4.060ns  (required time - arrival time)
  Source:                 u_ibex/u_ibex_core/if_stage_i/g_instr_rdata_nr.instr_rdata_id_o_reg[21]/C
                            (rising edge-triggered cell FDRE clocked by pl_clk  {rise@0.000ns fall@10.000ns period=20.000ns})
  Destination:            u_ibex/gen_regfile_ff.register_file_i/g_rf_flops[16].rf_reg_q_reg[31]/D
                            (rising edge-triggered cell FDCE clocked by pl_clk  {rise@0.000ns fall@10.000ns period=20.000ns})
  Path Group:             pl_clk
  Path Type:              Setup (Max at Slow Process Corner)
  Requirement:            20.000ns  (pl_clk rise@20.000ns - pl_clk rise@0.000ns)
  Data Path Delay:        15.661ns  (logic 5.474ns (34.953%)  route 10.187ns (65.047%))
  Logic Levels:           11  (DSP48E1=1 LUT2=1 LUT4=2 LUT5=1 LUT6=5 MUXF7=1)
  Clock Path Skew:        -0.185ns (DCD - SCD + CPR)
    Destination Clock Delay (DCD):    5.347ns = ( 25.347 - 20.000 ) 
    Source Clock Delay      (SCD):    6.092ns
    Clock Pessimism Removal (CPR):    0.559ns
  Clock Uncertainty:      0.035ns  ((TSJ^2 + TIJ^2)^1/2 + DJ) / 2 + PE
    Total System Jitter     (TSJ):    0.071ns
    Total Input Jitter      (TIJ):    0.000ns
    Discrete Jitter          (DJ):    0.000ns
    Phase Error              (PE):    0.000ns

    Location             Delay type                Incr(ns)  Path(ns)    Netlist Resource(s)
  -------------------------------------------------------------------    -------------------
                         (clock pl_clk rise edge)     0.000     0.000 r  
    Y14                                               0.000     0.000 r  pl_clk (IN)
                         net (fo=0)                   0.000     0.000    pl_clk
    Y14                  IBUF (Prop_ibuf_I_O)         1.465     1.465 r  pl_clk_IBUF_inst/O
                         net (fo=2, routed)           2.428     3.893    u_ibex/core_clock_gate_i/pl_clk_IBUF
    SLICE_X60Y46         LUT2 (Prop_lut2_I1_O)        0.105     3.998 r  u_ibex/core_clock_gate_i/g_rf_flops[1].rf_reg_q[31]_i_8/O
                         net (fo=1, routed)           0.598     4.597    u_ibex_n_32
    BUFGCTRL_X0Y0        BUFG (Prop_bufg_I_O)         0.085     4.682 r  g_rf_flops[1].rf_reg_q_reg[31]_i_2/O
                         net (fo=1841, routed)        1.410     6.092    u_ibex/u_ibex_core/if_stage_i/CLK
    SLICE_X66Y48         FDRE                                         r  u_ibex/u_ibex_core/if_stage_i/g_instr_rdata_nr.instr_rdata_id_o_reg[21]/C
  -------------------------------------------------------------------    -------------------
    SLICE_X66Y48         FDRE (Prop_fdre_C_Q)         0.433     6.525 r  u_ibex/u_ibex_core/if_stage_i/g_instr_rdata_nr.instr_rdata_id_o_reg[21]/Q
                         net (fo=365, routed)         1.697     8.222    u_ibex/gen_regfile_ff.register_file_i/Q[11]
    SLICE_X56Y75         LUT6 (Prop_lut6_I2_O)        0.105     8.327 r  u_ibex/gen_regfile_ff.register_file_i/gen_intermediate_val_reg[1].imd_val_q[1][31]_i_16/O
                         net (fo=1, routed)           0.000     8.327    u_ibex/gen_regfile_ff.register_file_i/gen_intermediate_val_reg[1].imd_val_q[1][31]_i_16_n_0
    SLICE_X56Y75         MUXF7 (Prop_muxf7_I1_O)      0.182     8.509 r  u_ibex/gen_regfile_ff.register_file_i/gen_intermediate_val_reg[1].imd_val_q_reg[1][31]_i_9/O
                         net (fo=1, routed)           0.568     9.077    u_ibex/gen_regfile_ff.register_file_i/gen_intermediate_val_reg[1].imd_val_q_reg[1][31]_i_9_n_0
    SLICE_X57Y74         LUT6 (Prop_lut6_I3_O)        0.252     9.329 r  u_ibex/gen_regfile_ff.register_file_i/gen_intermediate_val_reg[1].imd_val_q[1][31]_i_4/O
                         net (fo=9, routed)           1.390    10.719    u_ibex/u_ibex_core/if_stage_i/rf_rdata_b[31]
    SLICE_X77Y57         LUT5 (Prop_lut5_I0_O)        0.108    10.827 r  u_ibex/u_ibex_core/if_stage_i/mac_res_signed_i_69/O
                         net (fo=5, routed)           1.065    11.892    u_ibex/u_ibex_core/ex_block_i/gen_multdiv_fast.multdiv_i/div_sign_b__0
    SLICE_X89Y57         LUT2 (Prop_lut2_I1_O)        0.286    12.178 r  u_ibex/u_ibex_core/ex_block_i/gen_multdiv_fast.multdiv_i/mac_res_signed_i_1/O
                         net (fo=2, routed)           0.572    12.750    u_ibex/u_ibex_core/ex_block_i/gen_multdiv_fast.multdiv_i/B_1[16]
    DSP48_X3Y22          DSP48E1 (Prop_dsp48e1_B[17]_P[15])
                                                      3.238    15.988 r  u_ibex/u_ibex_core/ex_block_i/gen_multdiv_fast.multdiv_i/mac_res_signed/P[15]
                         net (fo=3, routed)           1.174    17.162    u_ibex/u_ibex_core/ex_block_i/gen_multdiv_fast.multdiv_i/mac_res_signed__0[15]
    SLICE_X82Y59         LUT4 (Prop_lut4_I2_O)        0.115    17.277 r  u_ibex/u_ibex_core/ex_block_i/gen_multdiv_fast.multdiv_i/gen_intermediate_val_reg[0].imd_val_q[0][31]_i_4/O
                         net (fo=2, routed)           0.681    17.958    u_ibex/u_ibex_core/if_stage_i/g_rf_flops[1].rf_reg_q[31]_i_11_0
    SLICE_X81Y58         LUT4 (Prop_lut4_I1_O)        0.278    18.236 r  u_ibex/u_ibex_core/if_stage_i/g_rf_flops[1].rf_reg_q[31]_i_17/O
                         net (fo=1, routed)           0.578    18.814    u_ibex/u_ibex_core/if_stage_i/g_rf_flops[1].rf_reg_q[31]_i_17_n_0
    SLICE_X73Y58         LUT6 (Prop_lut6_I0_O)        0.267    19.081 r  u_ibex/u_ibex_core/if_stage_i/g_rf_flops[1].rf_reg_q[31]_i_11/O
                         net (fo=1, routed)           0.342    19.423    u_ibex/u_ibex_core/if_stage_i/g_rf_flops[1].rf_reg_q[31]_i_11_n_0
    SLICE_X71Y59         LUT6 (Prop_lut6_I3_O)        0.105    19.528 r  u_ibex/u_ibex_core/if_stage_i/g_rf_flops[1].rf_reg_q[31]_i_4/O
                         net (fo=1, routed)           0.691    20.219    u_ibex/u_ibex_core/load_store_unit_i/rf_wdata_wb_o00_out[0]
    SLICE_X79Y57         LUT6 (Prop_lut6_I0_O)        0.105    20.324 r  u_ibex/u_ibex_core/load_store_unit_i/g_rf_flops[1].rf_reg_q[31]_i_1/O
                         net (fo=31, routed)          1.428    21.753    u_ibex/gen_regfile_ff.register_file_i/wdata_a_i[31]
    SLICE_X57Y74         FDCE                                         r  u_ibex/gen_regfile_ff.register_file_i/g_rf_flops[16].rf_reg_q_reg[31]/D
  -------------------------------------------------------------------    -------------------

                         (clock pl_clk rise edge)    20.000    20.000 r  
    Y14                                               0.000    20.000 r  pl_clk (IN)
                         net (fo=0)                   0.000    20.000    pl_clk
    Y14                  IBUF (Prop_ibuf_I_O)         1.399    21.399 r  pl_clk_IBUF_inst/O
                         net (fo=2, routed)           2.039    23.438    u_ibex/core_clock_gate_i/pl_clk_IBUF
    SLICE_X60Y46         LUT2 (Prop_lut2_I1_O)        0.084    23.522 r  u_ibex/core_clock_gate_i/g_rf_flops[1].rf_reg_q[31]_i_8/O
                         net (fo=1, routed)           0.523    24.045    u_ibex_n_32
    BUFGCTRL_X0Y0        BUFG (Prop_bufg_I_O)         0.077    24.122 r  g_rf_flops[1].rf_reg_q_reg[31]_i_2/O
                         net (fo=1841, routed)        1.225    25.347    u_ibex/gen_regfile_ff.register_file_i/CLK
    SLICE_X57Y74         FDCE                                         r  u_ibex/gen_regfile_ff.register_file_i/g_rf_flops[16].rf_reg_q_reg[31]/C
                         clock pessimism              0.559    25.907    
                         clock uncertainty           -0.035    25.871    
    SLICE_X57Y74         FDCE (Setup_fdce_C_D)       -0.059    25.812    u_ibex/gen_regfile_ff.register_file_i/g_rf_flops[16].rf_reg_q_reg[31]
  -------------------------------------------------------------------
                         required time                         25.812    
                         arrival time                         -21.753    
  -------------------------------------------------------------------
                         slack                                  4.060    

Slack (MET) :             4.093ns  (required time - arrival time)
  Source:                 u_ibex/u_ibex_core/if_stage_i/g_instr_rdata_nr.instr_rdata_id_o_reg[21]/C
                            (rising edge-triggered cell FDRE clocked by pl_clk  {rise@0.000ns fall@10.000ns period=20.000ns})
  Destination:            u_ibex/gen_regfile_ff.register_file_i/g_rf_flops[11].rf_reg_q_reg[31]/D
                            (rising edge-triggered cell FDCE clocked by pl_clk  {rise@0.000ns fall@10.000ns period=20.000ns})
  Path Group:             pl_clk
  Path Type:              Setup (Max at Slow Process Corner)
  Requirement:            20.000ns  (pl_clk rise@20.000ns - pl_clk rise@0.000ns)
  Data Path Delay:        15.640ns  (logic 5.474ns (34.999%)  route 10.166ns (65.001%))
  Logic Levels:           11  (DSP48E1=1 LUT2=1 LUT4=2 LUT5=1 LUT6=5 MUXF7=1)
  Clock Path Skew:        -0.184ns (DCD - SCD + CPR)
    Destination Clock Delay (DCD):    5.348ns = ( 25.348 - 20.000 ) 
    Source Clock Delay      (SCD):    6.092ns
    Clock Pessimism Removal (CPR):    0.559ns
  Clock Uncertainty:      0.035ns  ((TSJ^2 + TIJ^2)^1/2 + DJ) / 2 + PE
    Total System Jitter     (TSJ):    0.071ns
    Total Input Jitter      (TIJ):    0.000ns
    Discrete Jitter          (DJ):    0.000ns
    Phase Error              (PE):    0.000ns

    Location             Delay type                Incr(ns)  Path(ns)    Netlist Resource(s)
  -------------------------------------------------------------------    -------------------
                         (clock pl_clk rise edge)     0.000     0.000 r  
    Y14                                               0.000     0.000 r  pl_clk (IN)
                         net (fo=0)                   0.000     0.000    pl_clk
    Y14                  IBUF (Prop_ibuf_I_O)         1.465     1.465 r  pl_clk_IBUF_inst/O
                         net (fo=2, routed)           2.428     3.893    u_ibex/core_clock_gate_i/pl_clk_IBUF
    SLICE_X60Y46         LUT2 (Prop_lut2_I1_O)        0.105     3.998 r  u_ibex/core_clock_gate_i/g_rf_flops[1].rf_reg_q[31]_i_8/O
                         net (fo=1, routed)           0.598     4.597    u_ibex_n_32
    BUFGCTRL_X0Y0        BUFG (Prop_bufg_I_O)         0.085     4.682 r  g_rf_flops[1].rf_reg_q_reg[31]_i_2/O
                         net (fo=1841, routed)        1.410     6.092    u_ibex/u_ibex_core/if_stage_i/CLK
    SLICE_X66Y48         FDRE                                         r  u_ibex/u_ibex_core/if_stage_i/g_instr_rdata_nr.instr_rdata_id_o_reg[21]/C
  -------------------------------------------------------------------    -------------------
    SLICE_X66Y48         FDRE (Prop_fdre_C_Q)         0.433     6.525 r  u_ibex/u_ibex_core/if_stage_i/g_instr_rdata_nr.instr_rdata_id_o_reg[21]/Q
                         net (fo=365, routed)         1.697     8.222    u_ibex/gen_regfile_ff.register_file_i/Q[11]
    SLICE_X56Y75         LUT6 (Prop_lut6_I2_O)        0.105     8.327 r  u_ibex/gen_regfile_ff.register_file_i/gen_intermediate_val_reg[1].imd_val_q[1][31]_i_16/O
                         net (fo=1, routed)           0.000     8.327    u_ibex/gen_regfile_ff.register_file_i/gen_intermediate_val_reg[1].imd_val_q[1][31]_i_16_n_0
    SLICE_X56Y75         MUXF7 (Prop_muxf7_I1_O)      0.182     8.509 r  u_ibex/gen_regfile_ff.register_file_i/gen_intermediate_val_reg[1].imd_val_q_reg[1][31]_i_9/O
                         net (fo=1, routed)           0.568     9.077    u_ibex/gen_regfile_ff.register_file_i/gen_intermediate_val_reg[1].imd_val_q_reg[1][31]_i_9_n_0
    SLICE_X57Y74         LUT6 (Prop_lut6_I3_O)        0.252     9.329 r  u_ibex/gen_regfile_ff.register_file_i/gen_intermediate_val_reg[1].imd_val_q[1][31]_i_4/O
                         net (fo=9, routed)           1.390    10.719    u_ibex/u_ibex_core/if_stage_i/rf_rdata_b[31]
    SLICE_X77Y57         LUT5 (Prop_lut5_I0_O)        0.108    10.827 r  u_ibex/u_ibex_core/if_stage_i/mac_res_signed_i_69/O
                         net (fo=5, routed)           1.065    11.892    u_ibex/u_ibex_core/ex_block_i/gen_multdiv_fast.multdiv_i/div_sign_b__0
    SLICE_X89Y57         LUT2 (Prop_lut2_I1_O)        0.286    12.178 r  u_ibex/u_ibex_core/ex_block_i/gen_multdiv_fast.multdiv_i/mac_res_signed_i_1/O
                         net (fo=2, routed)           0.572    12.750    u_ibex/u_ibex_core/ex_block_i/gen_multdiv_fast.multdiv_i/B_1[16]
    DSP48_X3Y22          DSP48E1 (Prop_dsp48e1_B[17]_P[15])
                                                      3.238    15.988 r  u_ibex/u_ibex_core/ex_block_i/gen_multdiv_fast.multdiv_i/mac_res_signed/P[15]
                         net (fo=3, routed)           1.174    17.162    u_ibex/u_ibex_core/ex_block_i/gen_multdiv_fast.multdiv_i/mac_res_signed__0[15]
    SLICE_X82Y59         LUT4 (Prop_lut4_I2_O)        0.115    17.277 r  u_ibex/u_ibex_core/ex_block_i/gen_multdiv_fast.multdiv_i/gen_intermediate_val_reg[0].imd_val_q[0][31]_i_4/O
                         net (fo=2, routed)           0.681    17.958    u_ibex/u_ibex_core/if_stage_i/g_rf_flops[1].rf_reg_q[31]_i_11_0
    SLICE_X81Y58         LUT4 (Prop_lut4_I1_O)        0.278    18.236 r  u_ibex/u_ibex_core/if_stage_i/g_rf_flops[1].rf_reg_q[31]_i_17/O
                         net (fo=1, routed)           0.578    18.814    u_ibex/u_ibex_core/if_stage_i/g_rf_flops[1].rf_reg_q[31]_i_17_n_0
    SLICE_X73Y58         LUT6 (Prop_lut6_I0_O)        0.267    19.081 r  u_ibex/u_ibex_core/if_stage_i/g_rf_flops[1].rf_reg_q[31]_i_11/O
                         net (fo=1, routed)           0.342    19.423    u_ibex/u_ibex_core/if_stage_i/g_rf_flops[1].rf_reg_q[31]_i_11_n_0
    SLICE_X71Y59         LUT6 (Prop_lut6_I3_O)        0.105    19.528 r  u_ibex/u_ibex_core/if_stage_i/g_rf_flops[1].rf_reg_q[31]_i_4/O
                         net (fo=1, routed)           0.691    20.219    u_ibex/u_ibex_core/load_store_unit_i/rf_wdata_wb_o00_out[0]
    SLICE_X79Y57         LUT6 (Prop_lut6_I0_O)        0.105    20.324 r  u_ibex/u_ibex_core/load_store_unit_i/g_rf_flops[1].rf_reg_q[31]_i_1/O
                         net (fo=31, routed)          1.408    21.732    u_ibex/gen_regfile_ff.register_file_i/wdata_a_i[31]
    SLICE_X53Y75         FDCE                                         r  u_ibex/gen_regfile_ff.register_file_i/g_rf_flops[11].rf_reg_q_reg[31]/D
  -------------------------------------------------------------------    -------------------

                         (clock pl_clk rise edge)    20.000    20.000 r  
    Y14                                               0.000    20.000 r  pl_clk (IN)
                         net (fo=0)                   0.000    20.000    pl_clk
    Y14                  IBUF (Prop_ibuf_I_O)         1.399    21.399 r  pl_clk_IBUF_inst/O
                         net (fo=2, routed)           2.039    23.438    u_ibex/core_clock_gate_i/pl_clk_IBUF
    SLICE_X60Y46         LUT2 (Prop_lut2_I1_O)        0.084    23.522 r  u_ibex/core_clock_gate_i/g_rf_flops[1].rf_reg_q[31]_i_8/O
                         net (fo=1, routed)           0.523    24.045    u_ibex_n_32
    BUFGCTRL_X0Y0        BUFG (Prop_bufg_I_O)         0.077    24.122 r  g_rf_flops[1].rf_reg_q_reg[31]_i_2/O
                         net (fo=1841, routed)        1.226    25.348    u_ibex/gen_regfile_ff.register_file_i/CLK
    SLICE_X53Y75         FDCE                                         r  u_ibex/gen_regfile_ff.register_file_i/g_rf_flops[11].rf_reg_q_reg[31]/C
                         clock pessimism              0.559    25.908    
                         clock uncertainty           -0.035    25.872    
    SLICE_X53Y75         FDCE (Setup_fdce_C_D)       -0.047    25.825    u_ibex/gen_regfile_ff.register_file_i/g_rf_flops[11].rf_reg_q_reg[31]
  -------------------------------------------------------------------
                         required time                         25.825    
                         arrival time                         -21.732    
  -------------------------------------------------------------------
                         slack                                  4.093    

Slack (MET) :             4.117ns  (required time - arrival time)
  Source:                 u_ibex/u_ibex_core/if_stage_i/g_instr_rdata_nr.instr_rdata_id_o_reg[21]/C
                            (rising edge-triggered cell FDRE clocked by pl_clk  {rise@0.000ns fall@10.000ns period=20.000ns})
  Destination:            u_ibex/gen_regfile_ff.register_file_i/g_rf_flops[17].rf_reg_q_reg[31]/D
                            (rising edge-triggered cell FDCE clocked by pl_clk  {rise@0.000ns fall@10.000ns period=20.000ns})
  Path Group:             pl_clk
  Path Type:              Setup (Max at Slow Process Corner)
  Requirement:            20.000ns  (pl_clk rise@20.000ns - pl_clk rise@0.000ns)
  Data Path Delay:        15.623ns  (logic 5.474ns (35.038%)  route 10.149ns (64.962%))
  Logic Levels:           11  (DSP48E1=1 LUT2=1 LUT4=2 LUT5=1 LUT6=5 MUXF7=1)
  Clock Path Skew:        -0.186ns (DCD - SCD + CPR)
    Destination Clock Delay (DCD):    5.346ns = ( 25.346 - 20.000 ) 
    Source Clock Delay      (SCD):    6.092ns
    Clock Pessimism Removal (CPR):    0.559ns
  Clock Uncertainty:      0.035ns  ((TSJ^2 + TIJ^2)^1/2 + DJ) / 2 + PE
    Total System Jitter     (TSJ):    0.071ns
    Total Input Jitter      (TIJ):    0.000ns
    Discrete Jitter          (DJ):    0.000ns
    Phase Error              (PE):    0.000ns

    Location             Delay type                Incr(ns)  Path(ns)    Netlist Resource(s)
  -------------------------------------------------------------------    -------------------
                         (clock pl_clk rise edge)     0.000     0.000 r  
    Y14                                               0.000     0.000 r  pl_clk (IN)
                         net (fo=0)                   0.000     0.000    pl_clk
    Y14                  IBUF (Prop_ibuf_I_O)         1.465     1.465 r  pl_clk_IBUF_inst/O
                         net (fo=2, routed)           2.428     3.893    u_ibex/core_clock_gate_i/pl_clk_IBUF
    SLICE_X60Y46         LUT2 (Prop_lut2_I1_O)        0.105     3.998 r  u_ibex/core_clock_gate_i/g_rf_flops[1].rf_reg_q[31]_i_8/O
                         net (fo=1, routed)           0.598     4.597    u_ibex_n_32
    BUFGCTRL_X0Y0        BUFG (Prop_bufg_I_O)         0.085     4.682 r  g_rf_flops[1].rf_reg_q_reg[31]_i_2/O
                         net (fo=1841, routed)        1.410     6.092    u_ibex/u_ibex_core/if_stage_i/CLK
    SLICE_X66Y48         FDRE                                         r  u_ibex/u_ibex_core/if_stage_i/g_instr_rdata_nr.instr_rdata_id_o_reg[21]/C
  -------------------------------------------------------------------    -------------------
    SLICE_X66Y48         FDRE (Prop_fdre_C_Q)         0.433     6.525 r  u_ibex/u_ibex_core/if_stage_i/g_instr_rdata_nr.instr_rdata_id_o_reg[21]/Q
                         net (fo=365, routed)         1.697     8.222    u_ibex/gen_regfile_ff.register_file_i/Q[11]
    SLICE_X56Y75         LUT6 (Prop_lut6_I2_O)        0.105     8.327 r  u_ibex/gen_regfile_ff.register_file_i/gen_intermediate_val_reg[1].imd_val_q[1][31]_i_16/O
                         net (fo=1, routed)           0.000     8.327    u_ibex/gen_regfile_ff.register_file_i/gen_intermediate_val_reg[1].imd_val_q[1][31]_i_16_n_0
    SLICE_X56Y75         MUXF7 (Prop_muxf7_I1_O)      0.182     8.509 r  u_ibex/gen_regfile_ff.register_file_i/gen_intermediate_val_reg[1].imd_val_q_reg[1][31]_i_9/O
                         net (fo=1, routed)           0.568     9.077    u_ibex/gen_regfile_ff.register_file_i/gen_intermediate_val_reg[1].imd_val_q_reg[1][31]_i_9_n_0
    SLICE_X57Y74         LUT6 (Prop_lut6_I3_O)        0.252     9.329 r  u_ibex/gen_regfile_ff.register_file_i/gen_intermediate_val_reg[1].imd_val_q[1][31]_i_4/O
                         net (fo=9, routed)           1.390    10.719    u_ibex/u_ibex_core/if_stage_i/rf_rdata_b[31]
    SLICE_X77Y57         LUT5 (Prop_lut5_I0_O)        0.108    10.827 r  u_ibex/u_ibex_core/if_stage_i/mac_res_signed_i_69/O
                         net (fo=5, routed)           1.065    11.892    u_ibex/u_ibex_core/ex_block_i/gen_multdiv_fast.multdiv_i/div_sign_b__0
    SLICE_X89Y57         LUT2 (Prop_lut2_I1_O)        0.286    12.178 r  u_ibex/u_ibex_core/ex_block_i/gen_multdiv_fast.multdiv_i/mac_res_signed_i_1/O
                         net (fo=2, routed)           0.572    12.750    u_ibex/u_ibex_core/ex_block_i/gen_multdiv_fast.multdiv_i/B_1[16]
    DSP48_X3Y22          DSP48E1 (Prop_dsp48e1_B[17]_P[15])
                                                      3.238    15.988 r  u_ibex/u_ibex_core/ex_block_i/gen_multdiv_fast.multdiv_i/mac_res_signed/P[15]
                         net (fo=3, routed)           1.174    17.162    u_ibex/u_ibex_core/ex_block_i/gen_multdiv_fast.multdiv_i/mac_res_signed__0[15]
    SLICE_X82Y59         LUT4 (Prop_lut4_I2_O)        0.115    17.277 r  u_ibex/u_ibex_core/ex_block_i/gen_multdiv_fast.multdiv_i/gen_intermediate_val_reg[0].imd_val_q[0][31]_i_4/O
                         net (fo=2, routed)           0.681    17.958    u_ibex/u_ibex_core/if_stage_i/g_rf_flops[1].rf_reg_q[31]_i_11_0
    SLICE_X81Y58         LUT4 (Prop_lut4_I1_O)        0.278    18.236 r  u_ibex/u_ibex_core/if_stage_i/g_rf_flops[1].rf_reg_q[31]_i_17/O
                         net (fo=1, routed)           0.578    18.814    u_ibex/u_ibex_core/if_stage_i/g_rf_flops[1].rf_reg_q[31]_i_17_n_0
    SLICE_X73Y58         LUT6 (Prop_lut6_I0_O)        0.267    19.081 r  u_ibex/u_ibex_core/if_stage_i/g_rf_flops[1].rf_reg_q[31]_i_11/O
                         net (fo=1, routed)           0.342    19.423    u_ibex/u_ibex_core/if_stage_i/g_rf_flops[1].rf_reg_q[31]_i_11_n_0
    SLICE_X71Y59         LUT6 (Prop_lut6_I3_O)        0.105    19.528 r  u_ibex/u_ibex_core/if_stage_i/g_rf_flops[1].rf_reg_q[31]_i_4/O
                         net (fo=1, routed)           0.691    20.219    u_ibex/u_ibex_core/load_store_unit_i/rf_wdata_wb_o00_out[0]
    SLICE_X79Y57         LUT6 (Prop_lut6_I0_O)        0.105    20.324 r  u_ibex/u_ibex_core/load_store_unit_i/g_rf_flops[1].rf_reg_q[31]_i_1/O
                         net (fo=31, routed)          1.390    21.715    u_ibex/gen_regfile_ff.register_file_i/wdata_a_i[31]
    SLICE_X59Y74         FDCE                                         r  u_ibex/gen_regfile_ff.register_file_i/g_rf_flops[17].rf_reg_q_reg[31]/D
  -------------------------------------------------------------------    -------------------

                         (clock pl_clk rise edge)    20.000    20.000 r  
    Y14                                               0.000    20.000 r  pl_clk (IN)
                         net (fo=0)                   0.000    20.000    pl_clk
    Y14                  IBUF (Prop_ibuf_I_O)         1.399    21.399 r  pl_clk_IBUF_inst/O
                         net (fo=2, routed)           2.039    23.438    u_ibex/core_clock_gate_i/pl_clk_IBUF
    SLICE_X60Y46         LUT2 (Prop_lut2_I1_O)        0.084    23.522 r  u_ibex/core_clock_gate_i/g_rf_flops[1].rf_reg_q[31]_i_8/O
                         net (fo=1, routed)           0.523    24.045    u_ibex_n_32
    BUFGCTRL_X0Y0        BUFG (Prop_bufg_I_O)         0.077    24.122 r  g_rf_flops[1].rf_reg_q_reg[31]_i_2/O
                         net (fo=1841, routed)        1.224    25.346    u_ibex/gen_regfile_ff.register_file_i/CLK
    SLICE_X59Y74         FDCE                                         r  u_ibex/gen_regfile_ff.register_file_i/g_rf_flops[17].rf_reg_q_reg[31]/C
                         clock pessimism              0.559    25.906    
                         clock uncertainty           -0.035    25.870    
    SLICE_X59Y74         FDCE (Setup_fdce_C_D)       -0.039    25.831    u_ibex/gen_regfile_ff.register_file_i/g_rf_flops[17].rf_reg_q_reg[31]
  -------------------------------------------------------------------
                         required time                         25.831    
                         arrival time                         -21.715    
  -------------------------------------------------------------------
                         slack                                  4.117    

Slack (MET) :             4.126ns  (required time - arrival time)
  Source:                 u_ibex/u_ibex_core/if_stage_i/g_instr_rdata_nr.instr_rdata_id_o_reg[21]/C
                            (rising edge-triggered cell FDRE clocked by pl_clk  {rise@0.000ns fall@10.000ns period=20.000ns})
  Destination:            u_ibex/gen_regfile_ff.register_file_i/g_rf_flops[20].rf_reg_q_reg[31]/D
                            (rising edge-triggered cell FDCE clocked by pl_clk  {rise@0.000ns fall@10.000ns period=20.000ns})
  Path Group:             pl_clk
  Path Type:              Setup (Max at Slow Process Corner)
  Requirement:            20.000ns  (pl_clk rise@20.000ns - pl_clk rise@0.000ns)
  Data Path Delay:        15.641ns  (logic 5.474ns (34.998%)  route 10.167ns (65.002%))
  Logic Levels:           11  (DSP48E1=1 LUT2=1 LUT4=2 LUT5=1 LUT6=5 MUXF7=1)
  Clock Path Skew:        -0.186ns (DCD - SCD + CPR)
    Destination Clock Delay (DCD):    5.346ns = ( 25.346 - 20.000 ) 
    Source Clock Delay      (SCD):    6.092ns
    Clock Pessimism Removal (CPR):    0.559ns
  Clock Uncertainty:      0.035ns  ((TSJ^2 + TIJ^2)^1/2 + DJ) / 2 + PE
    Total System Jitter     (TSJ):    0.071ns
    Total Input Jitter      (TIJ):    0.000ns
    Discrete Jitter          (DJ):    0.000ns
    Phase Error              (PE):    0.000ns

    Location             Delay type                Incr(ns)  Path(ns)    Netlist Resource(s)
  -------------------------------------------------------------------    -------------------
                         (clock pl_clk rise edge)     0.000     0.000 r  
    Y14                                               0.000     0.000 r  pl_clk (IN)
                         net (fo=0)                   0.000     0.000    pl_clk
    Y14                  IBUF (Prop_ibuf_I_O)         1.465     1.465 r  pl_clk_IBUF_inst/O
                         net (fo=2, routed)           2.428     3.893    u_ibex/core_clock_gate_i/pl_clk_IBUF
    SLICE_X60Y46         LUT2 (Prop_lut2_I1_O)        0.105     3.998 r  u_ibex/core_clock_gate_i/g_rf_flops[1].rf_reg_q[31]_i_8/O
                         net (fo=1, routed)           0.598     4.597    u_ibex_n_32
    BUFGCTRL_X0Y0        BUFG (Prop_bufg_I_O)         0.085     4.682 r  g_rf_flops[1].rf_reg_q_reg[31]_i_2/O
                         net (fo=1841, routed)        1.410     6.092    u_ibex/u_ibex_core/if_stage_i/CLK
    SLICE_X66Y48         FDRE                                         r  u_ibex/u_ibex_core/if_stage_i/g_instr_rdata_nr.instr_rdata_id_o_reg[21]/C
  -------------------------------------------------------------------    -------------------
    SLICE_X66Y48         FDRE (Prop_fdre_C_Q)         0.433     6.525 r  u_ibex/u_ibex_core/if_stage_i/g_instr_rdata_nr.instr_rdata_id_o_reg[21]/Q
                         net (fo=365, routed)         1.697     8.222    u_ibex/gen_regfile_ff.register_file_i/Q[11]
    SLICE_X56Y75         LUT6 (Prop_lut6_I2_O)        0.105     8.327 r  u_ibex/gen_regfile_ff.register_file_i/gen_intermediate_val_reg[1].imd_val_q[1][31]_i_16/O
                         net (fo=1, routed)           0.000     8.327    u_ibex/gen_regfile_ff.register_file_i/gen_intermediate_val_reg[1].imd_val_q[1][31]_i_16_n_0
    SLICE_X56Y75         MUXF7 (Prop_muxf7_I1_O)      0.182     8.509 r  u_ibex/gen_regfile_ff.register_file_i/gen_intermediate_val_reg[1].imd_val_q_reg[1][31]_i_9/O
                         net (fo=1, routed)           0.568     9.077    u_ibex/gen_regfile_ff.register_file_i/gen_intermediate_val_reg[1].imd_val_q_reg[1][31]_i_9_n_0
    SLICE_X57Y74         LUT6 (Prop_lut6_I3_O)        0.252     9.329 r  u_ibex/gen_regfile_ff.register_file_i/gen_intermediate_val_reg[1].imd_val_q[1][31]_i_4/O
                         net (fo=9, routed)           1.390    10.719    u_ibex/u_ibex_core/if_stage_i/rf_rdata_b[31]
    SLICE_X77Y57         LUT5 (Prop_lut5_I0_O)        0.108    10.827 r  u_ibex/u_ibex_core/if_stage_i/mac_res_signed_i_69/O
                         net (fo=5, routed)           1.065    11.892    u_ibex/u_ibex_core/ex_block_i/gen_multdiv_fast.multdiv_i/div_sign_b__0
    SLICE_X89Y57         LUT2 (Prop_lut2_I1_O)        0.286    12.178 r  u_ibex/u_ibex_core/ex_block_i/gen_multdiv_fast.multdiv_i/mac_res_signed_i_1/O
                         net (fo=2, routed)           0.572    12.750    u_ibex/u_ibex_core/ex_block_i/gen_multdiv_fast.multdiv_i/B_1[16]
    DSP48_X3Y22          DSP48E1 (Prop_dsp48e1_B[17]_P[15])
                                                      3.238    15.988 r  u_ibex/u_ibex_core/ex_block_i/gen_multdiv_fast.multdiv_i/mac_res_signed/P[15]
                         net (fo=3, routed)           1.174    17.162    u_ibex/u_ibex_core/ex_block_i/gen_multdiv_fast.multdiv_i/mac_res_signed__0[15]
    SLICE_X82Y59         LUT4 (Prop_lut4_I2_O)        0.115    17.277 r  u_ibex/u_ibex_core/ex_block_i/gen_multdiv_fast.multdiv_i/gen_intermediate_val_reg[0].imd_val_q[0][31]_i_4/O
                         net (fo=2, routed)           0.681    17.958    u_ibex/u_ibex_core/if_stage_i/g_rf_flops[1].rf_reg_q[31]_i_11_0
    SLICE_X81Y58         LUT4 (Prop_lut4_I1_O)        0.278    18.236 r  u_ibex/u_ibex_core/if_stage_i/g_rf_flops[1].rf_reg_q[31]_i_17/O
                         net (fo=1, routed)           0.578    18.814    u_ibex/u_ibex_core/if_stage_i/g_rf_flops[1].rf_reg_q[31]_i_17_n_0
    SLICE_X73Y58         LUT6 (Prop_lut6_I0_O)        0.267    19.081 r  u_ibex/u_ibex_core/if_stage_i/g_rf_flops[1].rf_reg_q[31]_i_11/O
                         net (fo=1, routed)           0.342    19.423    u_ibex/u_ibex_core/if_stage_i/g_rf_flops[1].rf_reg_q[31]_i_11_n_0
    SLICE_X71Y59         LUT6 (Prop_lut6_I3_O)        0.105    19.528 r  u_ibex/u_ibex_core/if_stage_i/g_rf_flops[1].rf_reg_q[31]_i_4/O
                         net (fo=1, routed)           0.691    20.219    u_ibex/u_ibex_core/load_store_unit_i/rf_wdata_wb_o00_out[0]
    SLICE_X79Y57         LUT6 (Prop_lut6_I0_O)        0.105    20.324 r  u_ibex/u_ibex_core/load_store_unit_i/g_rf_flops[1].rf_reg_q[31]_i_1/O
                         net (fo=31, routed)          1.408    21.732    u_ibex/gen_regfile_ff.register_file_i/wdata_a_i[31]
    SLICE_X58Y75         FDCE                                         r  u_ibex/gen_regfile_ff.register_file_i/g_rf_flops[20].rf_reg_q_reg[31]/D
  -------------------------------------------------------------------    -------------------

                         (clock pl_clk rise edge)    20.000    20.000 r  
    Y14                                               0.000    20.000 r  pl_clk (IN)
                         net (fo=0)                   0.000    20.000    pl_clk
    Y14                  IBUF (Prop_ibuf_I_O)         1.399    21.399 r  pl_clk_IBUF_inst/O
                         net (fo=2, routed)           2.039    23.438    u_ibex/core_clock_gate_i/pl_clk_IBUF
    SLICE_X60Y46         LUT2 (Prop_lut2_I1_O)        0.084    23.522 r  u_ibex/core_clock_gate_i/g_rf_flops[1].rf_reg_q[31]_i_8/O
                         net (fo=1, routed)           0.523    24.045    u_ibex_n_32
    BUFGCTRL_X0Y0        BUFG (Prop_bufg_I_O)         0.077    24.122 r  g_rf_flops[1].rf_reg_q_reg[31]_i_2/O
                         net (fo=1841, routed)        1.224    25.346    u_ibex/gen_regfile_ff.register_file_i/CLK
    SLICE_X58Y75         FDCE                                         r  u_ibex/gen_regfile_ff.register_file_i/g_rf_flops[20].rf_reg_q_reg[31]/C
                         clock pessimism              0.559    25.906    
                         clock uncertainty           -0.035    25.870    
    SLICE_X58Y75         FDCE (Setup_fdce_C_D)       -0.012    25.858    u_ibex/gen_regfile_ff.register_file_i/g_rf_flops[20].rf_reg_q_reg[31]
  -------------------------------------------------------------------
                         required time                         25.858    
                         arrival time                         -21.732    
  -------------------------------------------------------------------
                         slack                                  4.126    

Slack (MET) :             4.154ns  (required time - arrival time)
  Source:                 u_ibex/u_ibex_core/if_stage_i/g_instr_rdata_nr.instr_rdata_id_o_reg[21]/C
                            (rising edge-triggered cell FDRE clocked by pl_clk  {rise@0.000ns fall@10.000ns period=20.000ns})
  Destination:            u_ibex/gen_regfile_ff.register_file_i/g_rf_flops[29].rf_reg_q_reg[31]/D
                            (rising edge-triggered cell FDCE clocked by pl_clk  {rise@0.000ns fall@10.000ns period=20.000ns})
  Path Group:             pl_clk
  Path Type:              Setup (Max at Slow Process Corner)
  Requirement:            20.000ns  (pl_clk rise@20.000ns - pl_clk rise@0.000ns)
  Data Path Delay:        15.612ns  (logic 5.474ns (35.064%)  route 10.138ns (64.936%))
  Logic Levels:           11  (DSP48E1=1 LUT2=1 LUT4=2 LUT5=1 LUT6=5 MUXF7=1)
  Clock Path Skew:        -0.184ns (DCD - SCD + CPR)
    Destination Clock Delay (DCD):    5.348ns = ( 25.348 - 20.000 ) 
    Source Clock Delay      (SCD):    6.092ns
    Clock Pessimism Removal (CPR):    0.559ns
  Clock Uncertainty:      0.035ns  ((TSJ^2 + TIJ^2)^1/2 + DJ) / 2 + PE
    Total System Jitter     (TSJ):    0.071ns
    Total Input Jitter      (TIJ):    0.000ns
    Discrete Jitter          (DJ):    0.000ns
    Phase Error              (PE):    0.000ns

    Location             Delay type                Incr(ns)  Path(ns)    Netlist Resource(s)
  -------------------------------------------------------------------    -------------------
                         (clock pl_clk rise edge)     0.000     0.000 r  
    Y14                                               0.000     0.000 r  pl_clk (IN)
                         net (fo=0)                   0.000     0.000    pl_clk
    Y14                  IBUF (Prop_ibuf_I_O)         1.465     1.465 r  pl_clk_IBUF_inst/O
                         net (fo=2, routed)           2.428     3.893    u_ibex/core_clock_gate_i/pl_clk_IBUF
    SLICE_X60Y46         LUT2 (Prop_lut2_I1_O)        0.105     3.998 r  u_ibex/core_clock_gate_i/g_rf_flops[1].rf_reg_q[31]_i_8/O
                         net (fo=1, routed)           0.598     4.597    u_ibex_n_32
    BUFGCTRL_X0Y0        BUFG (Prop_bufg_I_O)         0.085     4.682 r  g_rf_flops[1].rf_reg_q_reg[31]_i_2/O
                         net (fo=1841, routed)        1.410     6.092    u_ibex/u_ibex_core/if_stage_i/CLK
    SLICE_X66Y48         FDRE                                         r  u_ibex/u_ibex_core/if_stage_i/g_instr_rdata_nr.instr_rdata_id_o_reg[21]/C
  -------------------------------------------------------------------    -------------------
    SLICE_X66Y48         FDRE (Prop_fdre_C_Q)         0.433     6.525 r  u_ibex/u_ibex_core/if_stage_i/g_instr_rdata_nr.instr_rdata_id_o_reg[21]/Q
                         net (fo=365, routed)         1.697     8.222    u_ibex/gen_regfile_ff.register_file_i/Q[11]
    SLICE_X56Y75         LUT6 (Prop_lut6_I2_O)        0.105     8.327 r  u_ibex/gen_regfile_ff.register_file_i/gen_intermediate_val_reg[1].imd_val_q[1][31]_i_16/O
                         net (fo=1, routed)           0.000     8.327    u_ibex/gen_regfile_ff.register_file_i/gen_intermediate_val_reg[1].imd_val_q[1][31]_i_16_n_0
    SLICE_X56Y75         MUXF7 (Prop_muxf7_I1_O)      0.182     8.509 r  u_ibex/gen_regfile_ff.register_file_i/gen_intermediate_val_reg[1].imd_val_q_reg[1][31]_i_9/O
                         net (fo=1, routed)           0.568     9.077    u_ibex/gen_regfile_ff.register_file_i/gen_intermediate_val_reg[1].imd_val_q_reg[1][31]_i_9_n_0
    SLICE_X57Y74         LUT6 (Prop_lut6_I3_O)        0.252     9.329 r  u_ibex/gen_regfile_ff.register_file_i/gen_intermediate_val_reg[1].imd_val_q[1][31]_i_4/O
                         net (fo=9, routed)           1.390    10.719    u_ibex/u_ibex_core/if_stage_i/rf_rdata_b[31]
    SLICE_X77Y57         LUT5 (Prop_lut5_I0_O)        0.108    10.827 r  u_ibex/u_ibex_core/if_stage_i/mac_res_signed_i_69/O
                         net (fo=5, routed)           1.065    11.892    u_ibex/u_ibex_core/ex_block_i/gen_multdiv_fast.multdiv_i/div_sign_b__0
    SLICE_X89Y57         LUT2 (Prop_lut2_I1_O)        0.286    12.178 r  u_ibex/u_ibex_core/ex_block_i/gen_multdiv_fast.multdiv_i/mac_res_signed_i_1/O
                         net (fo=2, routed)           0.572    12.750    u_ibex/u_ibex_core/ex_block_i/gen_multdiv_fast.multdiv_i/B_1[16]
    DSP48_X3Y22          DSP48E1 (Prop_dsp48e1_B[17]_P[15])
                                                      3.238    15.988 r  u_ibex/u_ibex_core/ex_block_i/gen_multdiv_fast.multdiv_i/mac_res_signed/P[15]
                         net (fo=3, routed)           1.174    17.162    u_ibex/u_ibex_core/ex_block_i/gen_multdiv_fast.multdiv_i/mac_res_signed__0[15]
    SLICE_X82Y59         LUT4 (Prop_lut4_I2_O)        0.115    17.277 r  u_ibex/u_ibex_core/ex_block_i/gen_multdiv_fast.multdiv_i/gen_intermediate_val_reg[0].imd_val_q[0][31]_i_4/O
                         net (fo=2, routed)           0.681    17.958    u_ibex/u_ibex_core/if_stage_i/g_rf_flops[1].rf_reg_q[31]_i_11_0
    SLICE_X81Y58         LUT4 (Prop_lut4_I1_O)        0.278    18.236 r  u_ibex/u_ibex_core/if_stage_i/g_rf_flops[1].rf_reg_q[31]_i_17/O
                         net (fo=1, routed)           0.578    18.814    u_ibex/u_ibex_core/if_stage_i/g_rf_flops[1].rf_reg_q[31]_i_17_n_0
    SLICE_X73Y58         LUT6 (Prop_lut6_I0_O)        0.267    19.081 r  u_ibex/u_ibex_core/if_stage_i/g_rf_flops[1].rf_reg_q[31]_i_11/O
                         net (fo=1, routed)           0.342    19.423    u_ibex/u_ibex_core/if_stage_i/g_rf_flops[1].rf_reg_q[31]_i_11_n_0
    SLICE_X71Y59         LUT6 (Prop_lut6_I3_O)        0.105    19.528 r  u_ibex/u_ibex_core/if_stage_i/g_rf_flops[1].rf_reg_q[31]_i_4/O
                         net (fo=1, routed)           0.691    20.219    u_ibex/u_ibex_core/load_store_unit_i/rf_wdata_wb_o00_out[0]
    SLICE_X79Y57         LUT6 (Prop_lut6_I0_O)        0.105    20.324 r  u_ibex/u_ibex_core/load_store_unit_i/g_rf_flops[1].rf_reg_q[31]_i_1/O
                         net (fo=31, routed)          1.379    21.703    u_ibex/gen_regfile_ff.register_file_i/wdata_a_i[31]
    SLICE_X54Y76         FDCE                                         r  u_ibex/gen_regfile_ff.register_file_i/g_rf_flops[29].rf_reg_q_reg[31]/D
  -------------------------------------------------------------------    -------------------

                         (clock pl_clk rise edge)    20.000    20.000 r  
    Y14                                               0.000    20.000 r  pl_clk (IN)
                         net (fo=0)                   0.000    20.000    pl_clk
    Y14                  IBUF (Prop_ibuf_I_O)         1.399    21.399 r  pl_clk_IBUF_inst/O
                         net (fo=2, routed)           2.039    23.438    u_ibex/core_clock_gate_i/pl_clk_IBUF
    SLICE_X60Y46         LUT2 (Prop_lut2_I1_O)        0.084    23.522 r  u_ibex/core_clock_gate_i/g_rf_flops[1].rf_reg_q[31]_i_8/O
                         net (fo=1, routed)           0.523    24.045    u_ibex_n_32
    BUFGCTRL_X0Y0        BUFG (Prop_bufg_I_O)         0.077    24.122 r  g_rf_flops[1].rf_reg_q_reg[31]_i_2/O
                         net (fo=1841, routed)        1.226    25.348    u_ibex/gen_regfile_ff.register_file_i/CLK
    SLICE_X54Y76         FDCE                                         r  u_ibex/gen_regfile_ff.register_file_i/g_rf_flops[29].rf_reg_q_reg[31]/C
                         clock pessimism              0.559    25.908    
                         clock uncertainty           -0.035    25.872    
    SLICE_X54Y76         FDCE (Setup_fdce_C_D)       -0.015    25.857    u_ibex/gen_regfile_ff.register_file_i/g_rf_flops[29].rf_reg_q_reg[31]
  -------------------------------------------------------------------
                         required time                         25.857    
                         arrival time                         -21.703    
  -------------------------------------------------------------------
                         slack                                  4.154    

Slack (MET) :             4.155ns  (required time - arrival time)
  Source:                 u_ibex/u_ibex_core/if_stage_i/g_instr_rdata_nr.instr_rdata_id_o_reg[21]/C
                            (rising edge-triggered cell FDRE clocked by pl_clk  {rise@0.000ns fall@10.000ns period=20.000ns})
  Destination:            u_ibex/gen_regfile_ff.register_file_i/g_rf_flops[7].rf_reg_q_reg[31]/D
                            (rising edge-triggered cell FDCE clocked by pl_clk  {rise@0.000ns fall@10.000ns period=20.000ns})
  Path Group:             pl_clk
  Path Type:              Setup (Max at Slow Process Corner)
  Requirement:            20.000ns  (pl_clk rise@20.000ns - pl_clk rise@0.000ns)
  Data Path Delay:        15.616ns  (logic 5.474ns (35.054%)  route 10.142ns (64.946%))
  Logic Levels:           11  (DSP48E1=1 LUT2=1 LUT4=2 LUT5=1 LUT6=5 MUXF7=1)
  Clock Path Skew:        -0.182ns (DCD - SCD + CPR)
    Destination Clock Delay (DCD):    5.350ns = ( 25.350 - 20.000 ) 
    Source Clock Delay      (SCD):    6.092ns
    Clock Pessimism Removal (CPR):    0.559ns
  Clock Uncertainty:      0.035ns  ((TSJ^2 + TIJ^2)^1/2 + DJ) / 2 + PE
    Total System Jitter     (TSJ):    0.071ns
    Total Input Jitter      (TIJ):    0.000ns
    Discrete Jitter          (DJ):    0.000ns
    Phase Error              (PE):    0.000ns

    Location             Delay type                Incr(ns)  Path(ns)    Netlist Resource(s)
  -------------------------------------------------------------------    -------------------
                         (clock pl_clk rise edge)     0.000     0.000 r  
    Y14                                               0.000     0.000 r  pl_clk (IN)
                         net (fo=0)                   0.000     0.000    pl_clk
    Y14                  IBUF (Prop_ibuf_I_O)         1.465     1.465 r  pl_clk_IBUF_inst/O
                         net (fo=2, routed)           2.428     3.893    u_ibex/core_clock_gate_i/pl_clk_IBUF
    SLICE_X60Y46         LUT2 (Prop_lut2_I1_O)        0.105     3.998 r  u_ibex/core_clock_gate_i/g_rf_flops[1].rf_reg_q[31]_i_8/O
                         net (fo=1, routed)           0.598     4.597    u_ibex_n_32
    BUFGCTRL_X0Y0        BUFG (Prop_bufg_I_O)         0.085     4.682 r  g_rf_flops[1].rf_reg_q_reg[31]_i_2/O
                         net (fo=1841, routed)        1.410     6.092    u_ibex/u_ibex_core/if_stage_i/CLK
    SLICE_X66Y48         FDRE                                         r  u_ibex/u_ibex_core/if_stage_i/g_instr_rdata_nr.instr_rdata_id_o_reg[21]/C
  -------------------------------------------------------------------    -------------------
    SLICE_X66Y48         FDRE (Prop_fdre_C_Q)         0.433     6.525 r  u_ibex/u_ibex_core/if_stage_i/g_instr_rdata_nr.instr_rdata_id_o_reg[21]/Q
                         net (fo=365, routed)         1.697     8.222    u_ibex/gen_regfile_ff.register_file_i/Q[11]
    SLICE_X56Y75         LUT6 (Prop_lut6_I2_O)        0.105     8.327 r  u_ibex/gen_regfile_ff.register_file_i/gen_intermediate_val_reg[1].imd_val_q[1][31]_i_16/O
                         net (fo=1, routed)           0.000     8.327    u_ibex/gen_regfile_ff.register_file_i/gen_intermediate_val_reg[1].imd_val_q[1][31]_i_16_n_0
    SLICE_X56Y75         MUXF7 (Prop_muxf7_I1_O)      0.182     8.509 r  u_ibex/gen_regfile_ff.register_file_i/gen_intermediate_val_reg[1].imd_val_q_reg[1][31]_i_9/O
                         net (fo=1, routed)           0.568     9.077    u_ibex/gen_regfile_ff.register_file_i/gen_intermediate_val_reg[1].imd_val_q_reg[1][31]_i_9_n_0
    SLICE_X57Y74         LUT6 (Prop_lut6_I3_O)        0.252     9.329 r  u_ibex/gen_regfile_ff.register_file_i/gen_intermediate_val_reg[1].imd_val_q[1][31]_i_4/O
                         net (fo=9, routed)           1.390    10.719    u_ibex/u_ibex_core/if_stage_i/rf_rdata_b[31]
    SLICE_X77Y57         LUT5 (Prop_lut5_I0_O)        0.108    10.827 r  u_ibex/u_ibex_core/if_stage_i/mac_res_signed_i_69/O
                         net (fo=5, routed)           1.065    11.892    u_ibex/u_ibex_core/ex_block_i/gen_multdiv_fast.multdiv_i/div_sign_b__0
    SLICE_X89Y57         LUT2 (Prop_lut2_I1_O)        0.286    12.178 r  u_ibex/u_ibex_core/ex_block_i/gen_multdiv_fast.multdiv_i/mac_res_signed_i_1/O
                         net (fo=2, routed)           0.572    12.750    u_ibex/u_ibex_core/ex_block_i/gen_multdiv_fast.multdiv_i/B_1[16]
    DSP48_X3Y22          DSP48E1 (Prop_dsp48e1_B[17]_P[15])
                                                      3.238    15.988 r  u_ibex/u_ibex_core/ex_block_i/gen_multdiv_fast.multdiv_i/mac_res_signed/P[15]
                         net (fo=3, routed)           1.174    17.162    u_ibex/u_ibex_core/ex_block_i/gen_multdiv_fast.multdiv_i/mac_res_signed__0[15]
    SLICE_X82Y59         LUT4 (Prop_lut4_I2_O)        0.115    17.277 r  u_ibex/u_ibex_core/ex_block_i/gen_multdiv_fast.multdiv_i/gen_intermediate_val_reg[0].imd_val_q[0][31]_i_4/O
                         net (fo=2, routed)           0.681    17.958    u_ibex/u_ibex_core/if_stage_i/g_rf_flops[1].rf_reg_q[31]_i_11_0
    SLICE_X81Y58         LUT4 (Prop_lut4_I1_O)        0.278    18.236 r  u_ibex/u_ibex_core/if_stage_i/g_rf_flops[1].rf_reg_q[31]_i_17/O
                         net (fo=1, routed)           0.578    18.814    u_ibex/u_ibex_core/if_stage_i/g_rf_flops[1].rf_reg_q[31]_i_17_n_0
    SLICE_X73Y58         LUT6 (Prop_lut6_I0_O)        0.267    19.081 r  u_ibex/u_ibex_core/if_stage_i/g_rf_flops[1].rf_reg_q[31]_i_11/O
                         net (fo=1, routed)           0.342    19.423    u_ibex/u_ibex_core/if_stage_i/g_rf_flops[1].rf_reg_q[31]_i_11_n_0
    SLICE_X71Y59         LUT6 (Prop_lut6_I3_O)        0.105    19.528 r  u_ibex/u_ibex_core/if_stage_i/g_rf_flops[1].rf_reg_q[31]_i_4/O
                         net (fo=1, routed)           0.691    20.219    u_ibex/u_ibex_core/load_store_unit_i/rf_wdata_wb_o00_out[0]
    SLICE_X79Y57         LUT6 (Prop_lut6_I0_O)        0.105    20.324 r  u_ibex/u_ibex_core/load_store_unit_i/g_rf_flops[1].rf_reg_q[31]_i_1/O
                         net (fo=31, routed)          1.383    21.707    u_ibex/gen_regfile_ff.register_file_i/wdata_a_i[31]
    SLICE_X54Y72         FDCE                                         r  u_ibex/gen_regfile_ff.register_file_i/g_rf_flops[7].rf_reg_q_reg[31]/D
  -------------------------------------------------------------------    -------------------

                         (clock pl_clk rise edge)    20.000    20.000 r  
    Y14                                               0.000    20.000 r  pl_clk (IN)
                         net (fo=0)                   0.000    20.000    pl_clk
    Y14                  IBUF (Prop_ibuf_I_O)         1.399    21.399 r  pl_clk_IBUF_inst/O
                         net (fo=2, routed)           2.039    23.438    u_ibex/core_clock_gate_i/pl_clk_IBUF
    SLICE_X60Y46         LUT2 (Prop_lut2_I1_O)        0.084    23.522 r  u_ibex/core_clock_gate_i/g_rf_flops[1].rf_reg_q[31]_i_8/O
                         net (fo=1, routed)           0.523    24.045    u_ibex_n_32
    BUFGCTRL_X0Y0        BUFG (Prop_bufg_I_O)         0.077    24.122 r  g_rf_flops[1].rf_reg_q_reg[31]_i_2/O
                         net (fo=1841, routed)        1.228    25.350    u_ibex/gen_regfile_ff.register_file_i/CLK
    SLICE_X54Y72         FDCE                                         r  u_ibex/gen_regfile_ff.register_file_i/g_rf_flops[7].rf_reg_q_reg[31]/C
                         clock pessimism              0.559    25.910    
                         clock uncertainty           -0.035    25.874    
    SLICE_X54Y72         FDCE (Setup_fdce_C_D)       -0.012    25.862    u_ibex/gen_regfile_ff.register_file_i/g_rf_flops[7].rf_reg_q_reg[31]
  -------------------------------------------------------------------
                         required time                         25.862    
                         arrival time                         -21.707    
  -------------------------------------------------------------------
                         slack                                  4.155    

Slack (MET) :             4.184ns  (required time - arrival time)
  Source:                 u_ibex/u_ibex_core/if_stage_i/g_instr_rdata_nr.instr_rdata_id_o_reg[21]/C
                            (rising edge-triggered cell FDRE clocked by pl_clk  {rise@0.000ns fall@10.000ns period=20.000ns})
  Destination:            u_ibex/gen_regfile_ff.register_file_i/g_rf_flops[13].rf_reg_q_reg[31]/D
                            (rising edge-triggered cell FDCE clocked by pl_clk  {rise@0.000ns fall@10.000ns period=20.000ns})
  Path Group:             pl_clk
  Path Type:              Setup (Max at Slow Process Corner)
  Requirement:            20.000ns  (pl_clk rise@20.000ns - pl_clk rise@0.000ns)
  Data Path Delay:        15.537ns  (logic 5.474ns (35.232%)  route 10.063ns (64.768%))
  Logic Levels:           11  (DSP48E1=1 LUT2=1 LUT4=2 LUT5=1 LUT6=5 MUXF7=1)
  Clock Path Skew:        -0.185ns (DCD - SCD + CPR)
    Destination Clock Delay (DCD):    5.347ns = ( 25.347 - 20.000 ) 
    Source Clock Delay      (SCD):    6.092ns
    Clock Pessimism Removal (CPR):    0.559ns
  Clock Uncertainty:      0.035ns  ((TSJ^2 + TIJ^2)^1/2 + DJ) / 2 + PE
    Total System Jitter     (TSJ):    0.071ns
    Total Input Jitter      (TIJ):    0.000ns
    Discrete Jitter          (DJ):    0.000ns
    Phase Error              (PE):    0.000ns

    Location             Delay type                Incr(ns)  Path(ns)    Netlist Resource(s)
  -------------------------------------------------------------------    -------------------
                         (clock pl_clk rise edge)     0.000     0.000 r  
    Y14                                               0.000     0.000 r  pl_clk (IN)
                         net (fo=0)                   0.000     0.000    pl_clk
    Y14                  IBUF (Prop_ibuf_I_O)         1.465     1.465 r  pl_clk_IBUF_inst/O
                         net (fo=2, routed)           2.428     3.893    u_ibex/core_clock_gate_i/pl_clk_IBUF
    SLICE_X60Y46         LUT2 (Prop_lut2_I1_O)        0.105     3.998 r  u_ibex/core_clock_gate_i/g_rf_flops[1].rf_reg_q[31]_i_8/O
                         net (fo=1, routed)           0.598     4.597    u_ibex_n_32
    BUFGCTRL_X0Y0        BUFG (Prop_bufg_I_O)         0.085     4.682 r  g_rf_flops[1].rf_reg_q_reg[31]_i_2/O
                         net (fo=1841, routed)        1.410     6.092    u_ibex/u_ibex_core/if_stage_i/CLK
    SLICE_X66Y48         FDRE                                         r  u_ibex/u_ibex_core/if_stage_i/g_instr_rdata_nr.instr_rdata_id_o_reg[21]/C
  -------------------------------------------------------------------    -------------------
    SLICE_X66Y48         FDRE (Prop_fdre_C_Q)         0.433     6.525 r  u_ibex/u_ibex_core/if_stage_i/g_instr_rdata_nr.instr_rdata_id_o_reg[21]/Q
                         net (fo=365, routed)         1.697     8.222    u_ibex/gen_regfile_ff.register_file_i/Q[11]
    SLICE_X56Y75         LUT6 (Prop_lut6_I2_O)        0.105     8.327 r  u_ibex/gen_regfile_ff.register_file_i/gen_intermediate_val_reg[1].imd_val_q[1][31]_i_16/O
                         net (fo=1, routed)           0.000     8.327    u_ibex/gen_regfile_ff.register_file_i/gen_intermediate_val_reg[1].imd_val_q[1][31]_i_16_n_0
    SLICE_X56Y75         MUXF7 (Prop_muxf7_I1_O)      0.182     8.509 r  u_ibex/gen_regfile_ff.register_file_i/gen_intermediate_val_reg[1].imd_val_q_reg[1][31]_i_9/O
                         net (fo=1, routed)           0.568     9.077    u_ibex/gen_regfile_ff.register_file_i/gen_intermediate_val_reg[1].imd_val_q_reg[1][31]_i_9_n_0
    SLICE_X57Y74         LUT6 (Prop_lut6_I3_O)        0.252     9.329 r  u_ibex/gen_regfile_ff.register_file_i/gen_intermediate_val_reg[1].imd_val_q[1][31]_i_4/O
                         net (fo=9, routed)           1.390    10.719    u_ibex/u_ibex_core/if_stage_i/rf_rdata_b[31]
    SLICE_X77Y57         LUT5 (Prop_lut5_I0_O)        0.108    10.827 r  u_ibex/u_ibex_core/if_stage_i/mac_res_signed_i_69/O
                         net (fo=5, routed)           1.065    11.892    u_ibex/u_ibex_core/ex_block_i/gen_multdiv_fast.multdiv_i/div_sign_b__0
    SLICE_X89Y57         LUT2 (Prop_lut2_I1_O)        0.286    12.178 r  u_ibex/u_ibex_core/ex_block_i/gen_multdiv_fast.multdiv_i/mac_res_signed_i_1/O
                         net (fo=2, routed)           0.572    12.750    u_ibex/u_ibex_core/ex_block_i/gen_multdiv_fast.multdiv_i/B_1[16]
    DSP48_X3Y22          DSP48E1 (Prop_dsp48e1_B[17]_P[15])
                                                      3.238    15.988 r  u_ibex/u_ibex_core/ex_block_i/gen_multdiv_fast.multdiv_i/mac_res_signed/P[15]
                         net (fo=3, routed)           1.174    17.162    u_ibex/u_ibex_core/ex_block_i/gen_multdiv_fast.multdiv_i/mac_res_signed__0[15]
    SLICE_X82Y59         LUT4 (Prop_lut4_I2_O)        0.115    17.277 r  u_ibex/u_ibex_core/ex_block_i/gen_multdiv_fast.multdiv_i/gen_intermediate_val_reg[0].imd_val_q[0][31]_i_4/O
                         net (fo=2, routed)           0.681    17.958    u_ibex/u_ibex_core/if_stage_i/g_rf_flops[1].rf_reg_q[31]_i_11_0
    SLICE_X81Y58         LUT4 (Prop_lut4_I1_O)        0.278    18.236 r  u_ibex/u_ibex_core/if_stage_i/g_rf_flops[1].rf_reg_q[31]_i_17/O
                         net (fo=1, routed)           0.578    18.814    u_ibex/u_ibex_core/if_stage_i/g_rf_flops[1].rf_reg_q[31]_i_17_n_0
    SLICE_X73Y58         LUT6 (Prop_lut6_I0_O)        0.267    19.081 r  u_ibex/u_ibex_core/if_stage_i/g_rf_flops[1].rf_reg_q[31]_i_11/O
                         net (fo=1, routed)           0.342    19.423    u_ibex/u_ibex_core/if_stage_i/g_rf_flops[1].rf_reg_q[31]_i_11_n_0
    SLICE_X71Y59         LUT6 (Prop_lut6_I3_O)        0.105    19.528 r  u_ibex/u_ibex_core/if_stage_i/g_rf_flops[1].rf_reg_q[31]_i_4/O
                         net (fo=1, routed)           0.691    20.219    u_ibex/u_ibex_core/load_store_unit_i/rf_wdata_wb_o00_out[0]
    SLICE_X79Y57         LUT6 (Prop_lut6_I0_O)        0.105    20.324 r  u_ibex/u_ibex_core/load_store_unit_i/g_rf_flops[1].rf_reg_q[31]_i_1/O
                         net (fo=31, routed)          1.304    21.629    u_ibex/gen_regfile_ff.register_file_i/wdata_a_i[31]
    SLICE_X56Y75         FDCE                                         r  u_ibex/gen_regfile_ff.register_file_i/g_rf_flops[13].rf_reg_q_reg[31]/D
  -------------------------------------------------------------------    -------------------

                         (clock pl_clk rise edge)    20.000    20.000 r  
    Y14                                               0.000    20.000 r  pl_clk (IN)
                         net (fo=0)                   0.000    20.000    pl_clk
    Y14                  IBUF (Prop_ibuf_I_O)         1.399    21.399 r  pl_clk_IBUF_inst/O
                         net (fo=2, routed)           2.039    23.438    u_ibex/core_clock_gate_i/pl_clk_IBUF
    SLICE_X60Y46         LUT2 (Prop_lut2_I1_O)        0.084    23.522 r  u_ibex/core_clock_gate_i/g_rf_flops[1].rf_reg_q[31]_i_8/O
                         net (fo=1, routed)           0.523    24.045    u_ibex_n_32
    BUFGCTRL_X0Y0        BUFG (Prop_bufg_I_O)         0.077    24.122 r  g_rf_flops[1].rf_reg_q_reg[31]_i_2/O
                         net (fo=1841, routed)        1.225    25.347    u_ibex/gen_regfile_ff.register_file_i/CLK
    SLICE_X56Y75         FDCE                                         r  u_ibex/gen_regfile_ff.register_file_i/g_rf_flops[13].rf_reg_q_reg[31]/C
                         clock pessimism              0.559    25.907    
                         clock uncertainty           -0.035    25.871    
    SLICE_X56Y75         FDCE (Setup_fdce_C_D)       -0.059    25.812    u_ibex/gen_regfile_ff.register_file_i/g_rf_flops[13].rf_reg_q_reg[31]
  -------------------------------------------------------------------
                         required time                         25.812    
                         arrival time                         -21.629    
  -------------------------------------------------------------------
                         slack                                  4.184    

Slack (MET) :             4.186ns  (required time - arrival time)
  Source:                 u_ibex/u_ibex_core/if_stage_i/g_instr_rdata_nr.instr_rdata_id_o_reg[21]/C
                            (rising edge-triggered cell FDRE clocked by pl_clk  {rise@0.000ns fall@10.000ns period=20.000ns})
  Destination:            u_ibex/gen_regfile_ff.register_file_i/g_rf_flops[3].rf_reg_q_reg[31]/D
                            (rising edge-triggered cell FDCE clocked by pl_clk  {rise@0.000ns fall@10.000ns period=20.000ns})
  Path Group:             pl_clk
  Path Type:              Setup (Max at Slow Process Corner)
  Requirement:            20.000ns  (pl_clk rise@20.000ns - pl_clk rise@0.000ns)
  Data Path Delay:        15.558ns  (logic 5.474ns (35.185%)  route 10.084ns (64.815%))
  Logic Levels:           11  (DSP48E1=1 LUT2=1 LUT4=2 LUT5=1 LUT6=5 MUXF7=1)
  Clock Path Skew:        -0.182ns (DCD - SCD + CPR)
    Destination Clock Delay (DCD):    5.350ns = ( 25.350 - 20.000 ) 
    Source Clock Delay      (SCD):    6.092ns
    Clock Pessimism Removal (CPR):    0.559ns
  Clock Uncertainty:      0.035ns  ((TSJ^2 + TIJ^2)^1/2 + DJ) / 2 + PE
    Total System Jitter     (TSJ):    0.071ns
    Total Input Jitter      (TIJ):    0.000ns
    Discrete Jitter          (DJ):    0.000ns
    Phase Error              (PE):    0.000ns

    Location             Delay type                Incr(ns)  Path(ns)    Netlist Resource(s)
  -------------------------------------------------------------------    -------------------
                         (clock pl_clk rise edge)     0.000     0.000 r  
    Y14                                               0.000     0.000 r  pl_clk (IN)
                         net (fo=0)                   0.000     0.000    pl_clk
    Y14                  IBUF (Prop_ibuf_I_O)         1.465     1.465 r  pl_clk_IBUF_inst/O
                         net (fo=2, routed)           2.428     3.893    u_ibex/core_clock_gate_i/pl_clk_IBUF
    SLICE_X60Y46         LUT2 (Prop_lut2_I1_O)        0.105     3.998 r  u_ibex/core_clock_gate_i/g_rf_flops[1].rf_reg_q[31]_i_8/O
                         net (fo=1, routed)           0.598     4.597    u_ibex_n_32
    BUFGCTRL_X0Y0        BUFG (Prop_bufg_I_O)         0.085     4.682 r  g_rf_flops[1].rf_reg_q_reg[31]_i_2/O
                         net (fo=1841, routed)        1.410     6.092    u_ibex/u_ibex_core/if_stage_i/CLK
    SLICE_X66Y48         FDRE                                         r  u_ibex/u_ibex_core/if_stage_i/g_instr_rdata_nr.instr_rdata_id_o_reg[21]/C
  -------------------------------------------------------------------    -------------------
    SLICE_X66Y48         FDRE (Prop_fdre_C_Q)         0.433     6.525 r  u_ibex/u_ibex_core/if_stage_i/g_instr_rdata_nr.instr_rdata_id_o_reg[21]/Q
                         net (fo=365, routed)         1.697     8.222    u_ibex/gen_regfile_ff.register_file_i/Q[11]
    SLICE_X56Y75         LUT6 (Prop_lut6_I2_O)        0.105     8.327 r  u_ibex/gen_regfile_ff.register_file_i/gen_intermediate_val_reg[1].imd_val_q[1][31]_i_16/O
                         net (fo=1, routed)           0.000     8.327    u_ibex/gen_regfile_ff.register_file_i/gen_intermediate_val_reg[1].imd_val_q[1][31]_i_16_n_0
    SLICE_X56Y75         MUXF7 (Prop_muxf7_I1_O)      0.182     8.509 r  u_ibex/gen_regfile_ff.register_file_i/gen_intermediate_val_reg[1].imd_val_q_reg[1][31]_i_9/O
                         net (fo=1, routed)           0.568     9.077    u_ibex/gen_regfile_ff.register_file_i/gen_intermediate_val_reg[1].imd_val_q_reg[1][31]_i_9_n_0
    SLICE_X57Y74         LUT6 (Prop_lut6_I3_O)        0.252     9.329 r  u_ibex/gen_regfile_ff.register_file_i/gen_intermediate_val_reg[1].imd_val_q[1][31]_i_4/O
                         net (fo=9, routed)           1.390    10.719    u_ibex/u_ibex_core/if_stage_i/rf_rdata_b[31]
    SLICE_X77Y57         LUT5 (Prop_lut5_I0_O)        0.108    10.827 r  u_ibex/u_ibex_core/if_stage_i/mac_res_signed_i_69/O
                         net (fo=5, routed)           1.065    11.892    u_ibex/u_ibex_core/ex_block_i/gen_multdiv_fast.multdiv_i/div_sign_b__0
    SLICE_X89Y57         LUT2 (Prop_lut2_I1_O)        0.286    12.178 r  u_ibex/u_ibex_core/ex_block_i/gen_multdiv_fast.multdiv_i/mac_res_signed_i_1/O
                         net (fo=2, routed)           0.572    12.750    u_ibex/u_ibex_core/ex_block_i/gen_multdiv_fast.multdiv_i/B_1[16]
    DSP48_X3Y22          DSP48E1 (Prop_dsp48e1_B[17]_P[15])
                                                      3.238    15.988 r  u_ibex/u_ibex_core/ex_block_i/gen_multdiv_fast.multdiv_i/mac_res_signed/P[15]
                         net (fo=3, routed)           1.174    17.162    u_ibex/u_ibex_core/ex_block_i/gen_multdiv_fast.multdiv_i/mac_res_signed__0[15]
    SLICE_X82Y59         LUT4 (Prop_lut4_I2_O)        0.115    17.277 r  u_ibex/u_ibex_core/ex_block_i/gen_multdiv_fast.multdiv_i/gen_intermediate_val_reg[0].imd_val_q[0][31]_i_4/O
                         net (fo=2, routed)           0.681    17.958    u_ibex/u_ibex_core/if_stage_i/g_rf_flops[1].rf_reg_q[31]_i_11_0
    SLICE_X81Y58         LUT4 (Prop_lut4_I1_O)        0.278    18.236 r  u_ibex/u_ibex_core/if_stage_i/g_rf_flops[1].rf_reg_q[31]_i_17/O
                         net (fo=1, routed)           0.578    18.814    u_ibex/u_ibex_core/if_stage_i/g_rf_flops[1].rf_reg_q[31]_i_17_n_0
    SLICE_X73Y58         LUT6 (Prop_lut6_I0_O)        0.267    19.081 r  u_ibex/u_ibex_core/if_stage_i/g_rf_flops[1].rf_reg_q[31]_i_11/O
                         net (fo=1, routed)           0.342    19.423    u_ibex/u_ibex_core/if_stage_i/g_rf_flops[1].rf_reg_q[31]_i_11_n_0
    SLICE_X71Y59         LUT6 (Prop_lut6_I3_O)        0.105    19.528 r  u_ibex/u_ibex_core/if_stage_i/g_rf_flops[1].rf_reg_q[31]_i_4/O
                         net (fo=1, routed)           0.691    20.219    u_ibex/u_ibex_core/load_store_unit_i/rf_wdata_wb_o00_out[0]
    SLICE_X79Y57         LUT6 (Prop_lut6_I0_O)        0.105    20.324 r  u_ibex/u_ibex_core/load_store_unit_i/g_rf_flops[1].rf_reg_q[31]_i_1/O
                         net (fo=31, routed)          1.325    21.649    u_ibex/gen_regfile_ff.register_file_i/wdata_a_i[31]
    SLICE_X56Y72         FDCE                                         r  u_ibex/gen_regfile_ff.register_file_i/g_rf_flops[3].rf_reg_q_reg[31]/D
  -------------------------------------------------------------------    -------------------

                         (clock pl_clk rise edge)    20.000    20.000 r  
    Y14                                               0.000    20.000 r  pl_clk (IN)
                         net (fo=0)                   0.000    20.000    pl_clk
    Y14                  IBUF (Prop_ibuf_I_O)         1.399    21.399 r  pl_clk_IBUF_inst/O
                         net (fo=2, routed)           2.039    23.438    u_ibex/core_clock_gate_i/pl_clk_IBUF
    SLICE_X60Y46         LUT2 (Prop_lut2_I1_O)        0.084    23.522 r  u_ibex/core_clock_gate_i/g_rf_flops[1].rf_reg_q[31]_i_8/O
                         net (fo=1, routed)           0.523    24.045    u_ibex_n_32
    BUFGCTRL_X0Y0        BUFG (Prop_bufg_I_O)         0.077    24.122 r  g_rf_flops[1].rf_reg_q_reg[31]_i_2/O
                         net (fo=1841, routed)        1.228    25.350    u_ibex/gen_regfile_ff.register_file_i/CLK
    SLICE_X56Y72         FDCE                                         r  u_ibex/gen_regfile_ff.register_file_i/g_rf_flops[3].rf_reg_q_reg[31]/C
                         clock pessimism              0.559    25.910    
                         clock uncertainty           -0.035    25.874    
    SLICE_X56Y72         FDCE (Setup_fdce_C_D)       -0.039    25.835    u_ibex/gen_regfile_ff.register_file_i/g_rf_flops[3].rf_reg_q_reg[31]
  -------------------------------------------------------------------
                         required time                         25.835    
                         arrival time                         -21.649    
  -------------------------------------------------------------------
                         slack                                  4.186    

Slack (MET) :             4.206ns  (required time - arrival time)
  Source:                 u_ibex/u_ibex_core/if_stage_i/g_instr_rdata_nr.instr_rdata_id_o_reg[21]/C
                            (rising edge-triggered cell FDRE clocked by pl_clk  {rise@0.000ns fall@10.000ns period=20.000ns})
  Destination:            u_ibex/gen_regfile_ff.register_file_i/g_rf_flops[6].rf_reg_q_reg[31]/D
                            (rising edge-triggered cell FDCE clocked by pl_clk  {rise@0.000ns fall@10.000ns period=20.000ns})
  Path Group:             pl_clk
  Path Type:              Setup (Max at Slow Process Corner)
  Requirement:            20.000ns  (pl_clk rise@20.000ns - pl_clk rise@0.000ns)
  Data Path Delay:        15.566ns  (logic 5.474ns (35.165%)  route 10.092ns (64.835%))
  Logic Levels:           11  (DSP48E1=1 LUT2=1 LUT4=2 LUT5=1 LUT6=5 MUXF7=1)
  Clock Path Skew:        -0.180ns (DCD - SCD + CPR)
    Destination Clock Delay (DCD):    5.352ns = ( 25.352 - 20.000 ) 
    Source Clock Delay      (SCD):    6.092ns
    Clock Pessimism Removal (CPR):    0.559ns
  Clock Uncertainty:      0.035ns  ((TSJ^2 + TIJ^2)^1/2 + DJ) / 2 + PE
    Total System Jitter     (TSJ):    0.071ns
    Total Input Jitter      (TIJ):    0.000ns
    Discrete Jitter          (DJ):    0.000ns
    Phase Error              (PE):    0.000ns

    Location             Delay type                Incr(ns)  Path(ns)    Netlist Resource(s)
  -------------------------------------------------------------------    -------------------
                         (clock pl_clk rise edge)     0.000     0.000 r  
    Y14                                               0.000     0.000 r  pl_clk (IN)
                         net (fo=0)                   0.000     0.000    pl_clk
    Y14                  IBUF (Prop_ibuf_I_O)         1.465     1.465 r  pl_clk_IBUF_inst/O
                         net (fo=2, routed)           2.428     3.893    u_ibex/core_clock_gate_i/pl_clk_IBUF
    SLICE_X60Y46         LUT2 (Prop_lut2_I1_O)        0.105     3.998 r  u_ibex/core_clock_gate_i/g_rf_flops[1].rf_reg_q[31]_i_8/O
                         net (fo=1, routed)           0.598     4.597    u_ibex_n_32
    BUFGCTRL_X0Y0        BUFG (Prop_bufg_I_O)         0.085     4.682 r  g_rf_flops[1].rf_reg_q_reg[31]_i_2/O
                         net (fo=1841, routed)        1.410     6.092    u_ibex/u_ibex_core/if_stage_i/CLK
    SLICE_X66Y48         FDRE                                         r  u_ibex/u_ibex_core/if_stage_i/g_instr_rdata_nr.instr_rdata_id_o_reg[21]/C
  -------------------------------------------------------------------    -------------------
    SLICE_X66Y48         FDRE (Prop_fdre_C_Q)         0.433     6.525 r  u_ibex/u_ibex_core/if_stage_i/g_instr_rdata_nr.instr_rdata_id_o_reg[21]/Q
                         net (fo=365, routed)         1.697     8.222    u_ibex/gen_regfile_ff.register_file_i/Q[11]
    SLICE_X56Y75         LUT6 (Prop_lut6_I2_O)        0.105     8.327 r  u_ibex/gen_regfile_ff.register_file_i/gen_intermediate_val_reg[1].imd_val_q[1][31]_i_16/O
                         net (fo=1, routed)           0.000     8.327    u_ibex/gen_regfile_ff.register_file_i/gen_intermediate_val_reg[1].imd_val_q[1][31]_i_16_n_0
    SLICE_X56Y75         MUXF7 (Prop_muxf7_I1_O)      0.182     8.509 r  u_ibex/gen_regfile_ff.register_file_i/gen_intermediate_val_reg[1].imd_val_q_reg[1][31]_i_9/O
                         net (fo=1, routed)           0.568     9.077    u_ibex/gen_regfile_ff.register_file_i/gen_intermediate_val_reg[1].imd_val_q_reg[1][31]_i_9_n_0
    SLICE_X57Y74         LUT6 (Prop_lut6_I3_O)        0.252     9.329 r  u_ibex/gen_regfile_ff.register_file_i/gen_intermediate_val_reg[1].imd_val_q[1][31]_i_4/O
                         net (fo=9, routed)           1.390    10.719    u_ibex/u_ibex_core/if_stage_i/rf_rdata_b[31]
    SLICE_X77Y57         LUT5 (Prop_lut5_I0_O)        0.108    10.827 r  u_ibex/u_ibex_core/if_stage_i/mac_res_signed_i_69/O
                         net (fo=5, routed)           1.065    11.892    u_ibex/u_ibex_core/ex_block_i/gen_multdiv_fast.multdiv_i/div_sign_b__0
    SLICE_X89Y57         LUT2 (Prop_lut2_I1_O)        0.286    12.178 r  u_ibex/u_ibex_core/ex_block_i/gen_multdiv_fast.multdiv_i/mac_res_signed_i_1/O
                         net (fo=2, routed)           0.572    12.750    u_ibex/u_ibex_core/ex_block_i/gen_multdiv_fast.multdiv_i/B_1[16]
    DSP48_X3Y22          DSP48E1 (Prop_dsp48e1_B[17]_P[15])
                                                      3.238    15.988 r  u_ibex/u_ibex_core/ex_block_i/gen_multdiv_fast.multdiv_i/mac_res_signed/P[15]
                         net (fo=3, routed)           1.174    17.162    u_ibex/u_ibex_core/ex_block_i/gen_multdiv_fast.multdiv_i/mac_res_signed__0[15]
    SLICE_X82Y59         LUT4 (Prop_lut4_I2_O)        0.115    17.277 r  u_ibex/u_ibex_core/ex_block_i/gen_multdiv_fast.multdiv_i/gen_intermediate_val_reg[0].imd_val_q[0][31]_i_4/O
                         net (fo=2, routed)           0.681    17.958    u_ibex/u_ibex_core/if_stage_i/g_rf_flops[1].rf_reg_q[31]_i_11_0
    SLICE_X81Y58         LUT4 (Prop_lut4_I1_O)        0.278    18.236 r  u_ibex/u_ibex_core/if_stage_i/g_rf_flops[1].rf_reg_q[31]_i_17/O
                         net (fo=1, routed)           0.578    18.814    u_ibex/u_ibex_core/if_stage_i/g_rf_flops[1].rf_reg_q[31]_i_17_n_0
    SLICE_X73Y58         LUT6 (Prop_lut6_I0_O)        0.267    19.081 r  u_ibex/u_ibex_core/if_stage_i/g_rf_flops[1].rf_reg_q[31]_i_11/O
                         net (fo=1, routed)           0.342    19.423    u_ibex/u_ibex_core/if_stage_i/g_rf_flops[1].rf_reg_q[31]_i_11_n_0
    SLICE_X71Y59         LUT6 (Prop_lut6_I3_O)        0.105    19.528 r  u_ibex/u_ibex_core/if_stage_i/g_rf_flops[1].rf_reg_q[31]_i_4/O
                         net (fo=1, routed)           0.691    20.219    u_ibex/u_ibex_core/load_store_unit_i/rf_wdata_wb_o00_out[0]
    SLICE_X79Y57         LUT6 (Prop_lut6_I0_O)        0.105    20.324 r  u_ibex/u_ibex_core/load_store_unit_i/g_rf_flops[1].rf_reg_q[31]_i_1/O
                         net (fo=31, routed)          1.334    21.658    u_ibex/gen_regfile_ff.register_file_i/wdata_a_i[31]
    SLICE_X54Y70         FDCE                                         r  u_ibex/gen_regfile_ff.register_file_i/g_rf_flops[6].rf_reg_q_reg[31]/D
  -------------------------------------------------------------------    -------------------

                         (clock pl_clk rise edge)    20.000    20.000 r  
    Y14                                               0.000    20.000 r  pl_clk (IN)
                         net (fo=0)                   0.000    20.000    pl_clk
    Y14                  IBUF (Prop_ibuf_I_O)         1.399    21.399 r  pl_clk_IBUF_inst/O
                         net (fo=2, routed)           2.039    23.438    u_ibex/core_clock_gate_i/pl_clk_IBUF
    SLICE_X60Y46         LUT2 (Prop_lut2_I1_O)        0.084    23.522 r  u_ibex/core_clock_gate_i/g_rf_flops[1].rf_reg_q[31]_i_8/O
                         net (fo=1, routed)           0.523    24.045    u_ibex_n_32
    BUFGCTRL_X0Y0        BUFG (Prop_bufg_I_O)         0.077    24.122 r  g_rf_flops[1].rf_reg_q_reg[31]_i_2/O
                         net (fo=1841, routed)        1.230    25.352    u_ibex/gen_regfile_ff.register_file_i/CLK
    SLICE_X54Y70         FDCE                                         r  u_ibex/gen_regfile_ff.register_file_i/g_rf_flops[6].rf_reg_q_reg[31]/C
                         clock pessimism              0.559    25.912    
                         clock uncertainty           -0.035    25.876    
    SLICE_X54Y70         FDCE (Setup_fdce_C_D)       -0.012    25.864    u_ibex/gen_regfile_ff.register_file_i/g_rf_flops[6].rf_reg_q_reg[31]
  -------------------------------------------------------------------
                         required time                         25.864    
                         arrival time                         -21.658    
  -------------------------------------------------------------------
                         slack                                  4.206    





Min Delay Paths
--------------------------------------------------------------------------------------
Slack (VIOLATED) :        -0.239ns  (arrival time - required time)
  Source:                 rdata_q_reg[31]_i_4/C
                            (rising edge-triggered cell FDRE clocked by pl_clk  {rise@0.000ns fall@10.000ns period=20.000ns})
  Destination:            u_ibex/u_ibex_core/load_store_unit_i/rdata_q_reg[31]/D
                            (rising edge-triggered cell FDCE clocked by pl_clk  {rise@0.000ns fall@10.000ns period=20.000ns})
  Path Group:             pl_clk
  Path Type:              Hold (Min at Fast Process Corner)
  Requirement:            0.000ns  (pl_clk rise@0.000ns - pl_clk rise@0.000ns)
  Data Path Delay:        1.198ns  (logic 0.186ns (15.527%)  route 1.012ns (84.473%))
  Logic Levels:           1  (LUT6=1)
  Clock Path Skew:        1.367ns (DCD - SCD - CPR)
    Destination Clock Delay (DCD):    3.114ns
    Source Clock Delay      (SCD):    1.559ns
    Clock Pessimism Removal (CPR):    0.188ns

    Location             Delay type                Incr(ns)  Path(ns)    Netlist Resource(s)
  -------------------------------------------------------------------    -------------------
                         (clock pl_clk rise edge)     0.000     0.000 r  
    Y14                                               0.000     0.000 r  pl_clk (IN)
                         net (fo=0)                   0.000     0.000    pl_clk
    Y14                  IBUF (Prop_ibuf_I_O)         0.301     0.301 r  pl_clk_IBUF_inst/O
                         net (fo=2, routed)           0.648     0.949    pl_clk_IBUF
    BUFGCTRL_X0Y1        BUFG (Prop_bufg_I_O)         0.026     0.975 r  pl_clk_IBUF_BUFG_inst/O
                         net (fo=158, routed)         0.584     1.559    pl_clk_IBUF_BUFG
    SLICE_X80Y54         FDRE                                         r  rdata_q_reg[31]_i_4/C
  -------------------------------------------------------------------    -------------------
    SLICE_X80Y54         FDRE (Prop_fdre_C_Q)         0.141     1.700 r  rdata_q_reg[31]_i_4/Q
                         net (fo=1, routed)           0.456     2.156    u_bus/rdata_q_reg[31]_1
    SLICE_X80Y53         LUT6 (Prop_lut6_I2_O)        0.045     2.201 r  u_bus/rdata_q[31]_i_2/O
                         net (fo=5, routed)           0.556     2.757    u_ibex/u_ibex_core/load_store_unit_i/data_rdata[31]
    SLICE_X79Y54         FDCE                                         r  u_ibex/u_ibex_core/load_store_unit_i/rdata_q_reg[31]/D
  -------------------------------------------------------------------    -------------------

                         (clock pl_clk rise edge)     0.000     0.000 r  
    Y14                                               0.000     0.000 r  pl_clk (IN)
                         net (fo=0)                   0.000     0.000    pl_clk
    Y14                  IBUF (Prop_ibuf_I_O)         0.490     0.490 r  pl_clk_IBUF_inst/O
                         net (fo=2, routed)           1.392     1.882    u_ibex/core_clock_gate_i/pl_clk_IBUF
    SLICE_X60Y46         LUT2 (Prop_lut2_I1_O)        0.056     1.938 r  u_ibex/core_clock_gate_i/g_rf_flops[1].rf_reg_q[31]_i_8/O
                         net (fo=1, routed)           0.292     2.230    u_ibex_n_32
    BUFGCTRL_X0Y0        BUFG (Prop_bufg_I_O)         0.029     2.259 r  g_rf_flops[1].rf_reg_q_reg[31]_i_2/O
                         net (fo=1841, routed)        0.855     3.114    u_ibex/u_ibex_core/load_store_unit_i/CLK
    SLICE_X79Y54         FDCE                                         r  u_ibex/u_ibex_core/load_store_unit_i/rdata_q_reg[31]/C
                         clock pessimism             -0.188     2.926    
    SLICE_X79Y54         FDCE (Hold_fdce_C_D)         0.070     2.996    u_ibex/u_ibex_core/load_store_unit_i/rdata_q_reg[31]
  -------------------------------------------------------------------
                         required time                         -2.996    
                         arrival time                           2.757    
  -------------------------------------------------------------------
                         slack                                 -0.239    

Slack (VIOLATED) :        -0.239ns  (arrival time - required time)
  Source:                 u_bram/mem_reg_0/CLKBWRCLK
                            (rising edge-triggered cell RAMB36E1 clocked by pl_clk  {rise@0.000ns fall@10.000ns period=20.000ns})
  Destination:            u_ibex/u_ibex_core/if_stage_i/gen_prefetch_buffer.prefetch_buffer_i/fifo_i/g_fifo_regs[2].g_rdata_nr.rdata_q_reg[2][6]/D
                            (rising edge-triggered cell FDRE clocked by pl_clk  {rise@0.000ns fall@10.000ns period=20.000ns})
  Path Group:             pl_clk
  Path Type:              Hold (Min at Fast Process Corner)
  Requirement:            0.000ns  (pl_clk rise@0.000ns - pl_clk rise@0.000ns)
  Data Path Delay:        1.140ns  (logic 0.585ns (51.299%)  route 0.555ns (48.701%))
  Logic Levels:           0  
  Clock Path Skew:        1.301ns (DCD - SCD - CPR)
    Destination Clock Delay (DCD):    3.091ns
    Source Clock Delay      (SCD):    1.602ns
    Clock Pessimism Removal (CPR):    0.188ns

    Location             Delay type                Incr(ns)  Path(ns)    Netlist Resource(s)
  -------------------------------------------------------------------    -------------------
                         (clock pl_clk rise edge)     0.000     0.000 r  
    Y14                                               0.000     0.000 r  pl_clk (IN)
                         net (fo=0)                   0.000     0.000    pl_clk
    Y14                  IBUF (Prop_ibuf_I_O)         0.301     0.301 r  pl_clk_IBUF_inst/O
                         net (fo=2, routed)           0.648     0.949    pl_clk_IBUF
    BUFGCTRL_X0Y1        BUFG (Prop_bufg_I_O)         0.026     0.975 r  pl_clk_IBUF_BUFG_inst/O
                         net (fo=158, routed)         0.626     1.602    u_bram/pl_clk_IBUF_BUFG
    RAMB36_X3Y10         RAMB36E1                                     r  u_bram/mem_reg_0/CLKBWRCLK
  -------------------------------------------------------------------    -------------------
    RAMB36_X3Y10         RAMB36E1 (Prop_ramb36e1_CLKBWRCLK_DOBDO[6])
                                                      0.585     2.187 r  u_bram/mem_reg_0/DOBDO[6]
                         net (fo=5, routed)           0.555     2.742    u_ibex/u_ibex_core/if_stage_i/gen_prefetch_buffer.prefetch_buffer_i/fifo_i/instr_rdata[6]
    SLICE_X77Y48         FDRE                                         r  u_ibex/u_ibex_core/if_stage_i/gen_prefetch_buffer.prefetch_buffer_i/fifo_i/g_fifo_regs[2].g_rdata_nr.rdata_q_reg[2][6]/D
  -------------------------------------------------------------------    -------------------

                         (clock pl_clk rise edge)     0.000     0.000 r  
    Y14                                               0.000     0.000 r  pl_clk (IN)
                         net (fo=0)                   0.000     0.000    pl_clk
    Y14                  IBUF (Prop_ibuf_I_O)         0.490     0.490 r  pl_clk_IBUF_inst/O
                         net (fo=2, routed)           1.392     1.882    u_ibex/core_clock_gate_i/pl_clk_IBUF
    SLICE_X60Y46         LUT2 (Prop_lut2_I1_O)        0.056     1.938 r  u_ibex/core_clock_gate_i/g_rf_flops[1].rf_reg_q[31]_i_8/O
                         net (fo=1, routed)           0.292     2.230    u_ibex_n_32
    BUFGCTRL_X0Y0        BUFG (Prop_bufg_I_O)         0.029     2.259 r  g_rf_flops[1].rf_reg_q_reg[31]_i_2/O
                         net (fo=1841, routed)        0.832     3.091    u_ibex/u_ibex_core/if_stage_i/gen_prefetch_buffer.prefetch_buffer_i/fifo_i/CLK
    SLICE_X77Y48         FDRE                                         r  u_ibex/u_ibex_core/if_stage_i/gen_prefetch_buffer.prefetch_buffer_i/fifo_i/g_fifo_regs[2].g_rdata_nr.rdata_q_reg[2][6]/C
                         clock pessimism             -0.188     2.903    
    SLICE_X77Y48         FDRE (Hold_fdre_C_D)         0.078     2.981    u_ibex/u_ibex_core/if_stage_i/gen_prefetch_buffer.prefetch_buffer_i/fifo_i/g_fifo_regs[2].g_rdata_nr.rdata_q_reg[2][6]
  -------------------------------------------------------------------
                         required time                         -2.981    
                         arrival time                           2.742    
  -------------------------------------------------------------------
                         slack                                 -0.239    

Slack (VIOLATED) :        -0.235ns  (arrival time - required time)
  Source:                 u_gpio/rdata_o_reg[29]/C
                            (rising edge-triggered cell FDCE clocked by pl_clk  {rise@0.000ns fall@10.000ns period=20.000ns})
  Destination:            u_ibex/u_ibex_core/load_store_unit_i/rdata_q_reg[29]/D
                            (rising edge-triggered cell FDCE clocked by pl_clk  {rise@0.000ns fall@10.000ns period=20.000ns})
  Path Group:             pl_clk
  Path Type:              Hold (Min at Fast Process Corner)
  Requirement:            0.000ns  (pl_clk rise@0.000ns - pl_clk rise@0.000ns)
  Data Path Delay:        1.202ns  (logic 0.246ns (20.465%)  route 0.956ns (79.535%))
  Logic Levels:           1  (LUT6=1)
  Clock Path Skew:        1.367ns (DCD - SCD - CPR)
    Destination Clock Delay (DCD):    3.115ns
    Source Clock Delay      (SCD):    1.560ns
    Clock Pessimism Removal (CPR):    0.188ns

    Location             Delay type                Incr(ns)  Path(ns)    Netlist Resource(s)
  -------------------------------------------------------------------    -------------------
                         (clock pl_clk rise edge)     0.000     0.000 r  
    Y14                                               0.000     0.000 r  pl_clk (IN)
                         net (fo=0)                   0.000     0.000    pl_clk
    Y14                  IBUF (Prop_ibuf_I_O)         0.301     0.301 r  pl_clk_IBUF_inst/O
                         net (fo=2, routed)           0.648     0.949    pl_clk_IBUF
    BUFGCTRL_X0Y1        BUFG (Prop_bufg_I_O)         0.026     0.975 r  pl_clk_IBUF_BUFG_inst/O
                         net (fo=158, routed)         0.585     1.560    u_gpio/pl_clk_IBUF_BUFG
    SLICE_X82Y51         FDCE                                         r  u_gpio/rdata_o_reg[29]/C
  -------------------------------------------------------------------    -------------------
    SLICE_X82Y51         FDCE (Prop_fdce_C_Q)         0.148     1.708 r  u_gpio/rdata_o_reg[29]/Q
                         net (fo=1, routed)           0.339     2.047    u_bus/rdata_q_reg[31][29]
    SLICE_X82Y51         LUT6 (Prop_lut6_I5_O)        0.098     2.145 r  u_bus/rdata_q[29]_i_1/O
                         net (fo=4, routed)           0.617     2.762    u_ibex/u_ibex_core/load_store_unit_i/data_rdata[29]
    SLICE_X83Y54         FDCE                                         r  u_ibex/u_ibex_core/load_store_unit_i/rdata_q_reg[29]/D
  -------------------------------------------------------------------    -------------------

                         (clock pl_clk rise edge)     0.000     0.000 r  
    Y14                                               0.000     0.000 r  pl_clk (IN)
                         net (fo=0)                   0.000     0.000    pl_clk
    Y14                  IBUF (Prop_ibuf_I_O)         0.490     0.490 r  pl_clk_IBUF_inst/O
                         net (fo=2, routed)           1.392     1.882    u_ibex/core_clock_gate_i/pl_clk_IBUF
    SLICE_X60Y46         LUT2 (Prop_lut2_I1_O)        0.056     1.938 r  u_ibex/core_clock_gate_i/g_rf_flops[1].rf_reg_q[31]_i_8/O
                         net (fo=1, routed)           0.292     2.230    u_ibex_n_32
    BUFGCTRL_X0Y0        BUFG (Prop_bufg_I_O)         0.029     2.259 r  g_rf_flops[1].rf_reg_q_reg[31]_i_2/O
                         net (fo=1841, routed)        0.856     3.115    u_ibex/u_ibex_core/load_store_unit_i/CLK
    SLICE_X83Y54         FDCE                                         r  u_ibex/u_ibex_core/load_store_unit_i/rdata_q_reg[29]/C
                         clock pessimism             -0.188     2.927    
    SLICE_X83Y54         FDCE (Hold_fdce_C_D)         0.070     2.997    u_ibex/u_ibex_core/load_store_unit_i/rdata_q_reg[29]
  -------------------------------------------------------------------
                         required time                         -2.997    
                         arrival time                           2.762    
  -------------------------------------------------------------------
                         slack                                 -0.235    

Slack (VIOLATED) :        -0.235ns  (arrival time - required time)
  Source:                 rdata_q_reg[16]_i_2/C
                            (rising edge-triggered cell FDRE clocked by pl_clk  {rise@0.000ns fall@10.000ns period=20.000ns})
  Destination:            u_ibex/u_ibex_core/load_store_unit_i/rdata_q_reg[16]/D
                            (rising edge-triggered cell FDCE clocked by pl_clk  {rise@0.000ns fall@10.000ns period=20.000ns})
  Path Group:             pl_clk
  Path Type:              Hold (Min at Fast Process Corner)
  Requirement:            0.000ns  (pl_clk rise@0.000ns - pl_clk rise@0.000ns)
  Data Path Delay:        1.201ns  (logic 0.186ns (15.483%)  route 1.015ns (84.517%))
  Logic Levels:           1  (LUT6=1)
  Clock Path Skew:        1.366ns (DCD - SCD - CPR)
    Destination Clock Delay (DCD):    3.116ns
    Source Clock Delay      (SCD):    1.562ns
    Clock Pessimism Removal (CPR):    0.188ns

    Location             Delay type                Incr(ns)  Path(ns)    Netlist Resource(s)
  -------------------------------------------------------------------    -------------------
                         (clock pl_clk rise edge)     0.000     0.000 r  
    Y14                                               0.000     0.000 r  pl_clk (IN)
                         net (fo=0)                   0.000     0.000    pl_clk
    Y14                  IBUF (Prop_ibuf_I_O)         0.301     0.301 r  pl_clk_IBUF_inst/O
                         net (fo=2, routed)           0.648     0.949    pl_clk_IBUF
    BUFGCTRL_X0Y1        BUFG (Prop_bufg_I_O)         0.026     0.975 r  pl_clk_IBUF_BUFG_inst/O
                         net (fo=158, routed)         0.587     1.562    pl_clk_IBUF_BUFG
    SLICE_X87Y48         FDRE                                         r  rdata_q_reg[16]_i_2/C
  -------------------------------------------------------------------    -------------------
    SLICE_X87Y48         FDRE (Prop_fdre_C_Q)         0.141     1.703 r  rdata_q_reg[16]_i_2/Q
                         net (fo=1, routed)           0.454     2.157    u_bus/rdata_q_reg[16]
    SLICE_X86Y48         LUT6 (Prop_lut6_I2_O)        0.045     2.202 r  u_bus/rdata_q[16]_i_1/O
                         net (fo=5, routed)           0.561     2.763    u_ibex/u_ibex_core/load_store_unit_i/data_rdata[16]
    SLICE_X80Y52         FDCE                                         r  u_ibex/u_ibex_core/load_store_unit_i/rdata_q_reg[16]/D
  -------------------------------------------------------------------    -------------------

                         (clock pl_clk rise edge)     0.000     0.000 r  
    Y14                                               0.000     0.000 r  pl_clk (IN)
                         net (fo=0)                   0.000     0.000    pl_clk
    Y14                  IBUF (Prop_ibuf_I_O)         0.490     0.490 r  pl_clk_IBUF_inst/O
                         net (fo=2, routed)           1.392     1.882    u_ibex/core_clock_gate_i/pl_clk_IBUF
    SLICE_X60Y46         LUT2 (Prop_lut2_I1_O)        0.056     1.938 r  u_ibex/core_clock_gate_i/g_rf_flops[1].rf_reg_q[31]_i_8/O
                         net (fo=1, routed)           0.292     2.230    u_ibex_n_32
    BUFGCTRL_X0Y0        BUFG (Prop_bufg_I_O)         0.029     2.259 r  g_rf_flops[1].rf_reg_q_reg[31]_i_2/O
                         net (fo=1841, routed)        0.857     3.116    u_ibex/u_ibex_core/load_store_unit_i/CLK
    SLICE_X80Y52         FDCE                                         r  u_ibex/u_ibex_core/load_store_unit_i/rdata_q_reg[16]/C
                         clock pessimism             -0.188     2.928    
    SLICE_X80Y52         FDCE (Hold_fdce_C_D)         0.070     2.998    u_ibex/u_ibex_core/load_store_unit_i/rdata_q_reg[16]
  -------------------------------------------------------------------
                         required time                         -2.998    
                         arrival time                           2.763    
  -------------------------------------------------------------------
                         slack                                 -0.235    

Slack (VIOLATED) :        -0.230ns  (arrival time - required time)
  Source:                 u_gpio/rdata_o_reg[26]/C
                            (rising edge-triggered cell FDCE clocked by pl_clk  {rise@0.000ns fall@10.000ns period=20.000ns})
  Destination:            u_ibex/u_ibex_core/load_store_unit_i/rdata_q_reg[26]/D
                            (rising edge-triggered cell FDCE clocked by pl_clk  {rise@0.000ns fall@10.000ns period=20.000ns})
  Path Group:             pl_clk
  Path Type:              Hold (Min at Fast Process Corner)
  Requirement:            0.000ns  (pl_clk rise@0.000ns - pl_clk rise@0.000ns)
  Data Path Delay:        1.200ns  (logic 0.186ns (15.503%)  route 1.014ns (84.497%))
  Logic Levels:           1  (LUT6=1)
  Clock Path Skew:        1.367ns (DCD - SCD - CPR)
    Destination Clock Delay (DCD):    3.115ns
    Source Clock Delay      (SCD):    1.560ns
    Clock Pessimism Removal (CPR):    0.188ns

    Location             Delay type                Incr(ns)  Path(ns)    Netlist Resource(s)
  -------------------------------------------------------------------    -------------------
                         (clock pl_clk rise edge)     0.000     0.000 r  
    Y14                                               0.000     0.000 r  pl_clk (IN)
                         net (fo=0)                   0.000     0.000    pl_clk
    Y14                  IBUF (Prop_ibuf_I_O)         0.301     0.301 r  pl_clk_IBUF_inst/O
                         net (fo=2, routed)           0.648     0.949    pl_clk_IBUF
    BUFGCTRL_X0Y1        BUFG (Prop_bufg_I_O)         0.026     0.975 r  pl_clk_IBUF_BUFG_inst/O
                         net (fo=158, routed)         0.585     1.560    u_gpio/pl_clk_IBUF_BUFG
    SLICE_X80Y51         FDCE                                         r  u_gpio/rdata_o_reg[26]/C
  -------------------------------------------------------------------    -------------------
    SLICE_X80Y51         FDCE (Prop_fdce_C_Q)         0.141     1.701 r  u_gpio/rdata_o_reg[26]/Q
                         net (fo=1, routed)           0.497     2.198    u_bus/rdata_q_reg[31][26]
    SLICE_X80Y51         LUT6 (Prop_lut6_I4_O)        0.045     2.243 r  u_bus/rdata_q[26]_i_1/O
                         net (fo=4, routed)           0.517     2.760    u_ibex/u_ibex_core/load_store_unit_i/data_rdata[26]
    SLICE_X82Y53         FDCE                                         r  u_ibex/u_ibex_core/load_store_unit_i/rdata_q_reg[26]/D
  -------------------------------------------------------------------    -------------------

                         (clock pl_clk rise edge)     0.000     0.000 r  
    Y14                                               0.000     0.000 r  pl_clk (IN)
                         net (fo=0)                   0.000     0.000    pl_clk
    Y14                  IBUF (Prop_ibuf_I_O)         0.490     0.490 r  pl_clk_IBUF_inst/O
                         net (fo=2, routed)           1.392     1.882    u_ibex/core_clock_gate_i/pl_clk_IBUF
    SLICE_X60Y46         LUT2 (Prop_lut2_I1_O)        0.056     1.938 r  u_ibex/core_clock_gate_i/g_rf_flops[1].rf_reg_q[31]_i_8/O
                         net (fo=1, routed)           0.292     2.230    u_ibex_n_32
    BUFGCTRL_X0Y0        BUFG (Prop_bufg_I_O)         0.029     2.259 r  g_rf_flops[1].rf_reg_q_reg[31]_i_2/O
                         net (fo=1841, routed)        0.856     3.115    u_ibex/u_ibex_core/load_store_unit_i/CLK
    SLICE_X82Y53         FDCE                                         r  u_ibex/u_ibex_core/load_store_unit_i/rdata_q_reg[26]/C
                         clock pessimism             -0.188     2.927    
    SLICE_X82Y53         FDCE (Hold_fdce_C_D)         0.063     2.990    u_ibex/u_ibex_core/load_store_unit_i/rdata_q_reg[26]
  -------------------------------------------------------------------
                         required time                         -2.990    
                         arrival time                           2.760    
  -------------------------------------------------------------------
                         slack                                 -0.230    

Slack (VIOLATED) :        -0.227ns  (arrival time - required time)
  Source:                 u_bram/mem_reg_3/CLKBWRCLK
                            (rising edge-triggered cell RAMB36E1 clocked by pl_clk  {rise@0.000ns fall@10.000ns period=20.000ns})
  Destination:            u_ibex/u_ibex_core/if_stage_i/gen_prefetch_buffer.prefetch_buffer_i/fifo_i/g_fifo_regs[1].g_rdata_nr.rdata_q_reg[1][25]/D
                            (rising edge-triggered cell FDRE clocked by pl_clk  {rise@0.000ns fall@10.000ns period=20.000ns})
  Path Group:             pl_clk
  Path Type:              Hold (Min at Fast Process Corner)
  Requirement:            0.000ns  (pl_clk rise@0.000ns - pl_clk rise@0.000ns)
  Data Path Delay:        1.186ns  (logic 0.628ns (52.969%)  route 0.558ns (47.031%))
  Logic Levels:           1  (LUT3=1)
  Clock Path Skew:        1.305ns (DCD - SCD - CPR)
    Destination Clock Delay (DCD):    3.091ns
    Source Clock Delay      (SCD):    1.598ns
    Clock Pessimism Removal (CPR):    0.188ns

    Location             Delay type                Incr(ns)  Path(ns)    Netlist Resource(s)
  -------------------------------------------------------------------    -------------------
                         (clock pl_clk rise edge)     0.000     0.000 r  
    Y14                                               0.000     0.000 r  pl_clk (IN)
                         net (fo=0)                   0.000     0.000    pl_clk
    Y14                  IBUF (Prop_ibuf_I_O)         0.301     0.301 r  pl_clk_IBUF_inst/O
                         net (fo=2, routed)           0.648     0.949    pl_clk_IBUF
    BUFGCTRL_X0Y1        BUFG (Prop_bufg_I_O)         0.026     0.975 r  pl_clk_IBUF_BUFG_inst/O
                         net (fo=158, routed)         0.622     1.598    u_bram/pl_clk_IBUF_BUFG
    RAMB36_X2Y10         RAMB36E1                                     r  u_bram/mem_reg_3/CLKBWRCLK
  -------------------------------------------------------------------    -------------------
    RAMB36_X2Y10         RAMB36E1 (Prop_ramb36e1_CLKBWRCLK_DOBDO[1])
                                                      0.585     2.183 r  u_bram/mem_reg_3/DOBDO[1]
                         net (fo=5, routed)           0.558     2.740    u_ibex/u_ibex_core/if_stage_i/gen_prefetch_buffer.prefetch_buffer_i/fifo_i/instr_rdata[25]
    SLICE_X75Y48         LUT3 (Prop_lut3_I2_O)        0.043     2.783 r  u_ibex/u_ibex_core/if_stage_i/gen_prefetch_buffer.prefetch_buffer_i/fifo_i/g_fifo_regs[1].g_rdata_nr.rdata_q[1][25]_i_1/O
                         net (fo=1, routed)           0.000     2.783    u_ibex/u_ibex_core/if_stage_i/gen_prefetch_buffer.prefetch_buffer_i/fifo_i/rdata_d[1]_1[25]
    SLICE_X75Y48         FDRE                                         r  u_ibex/u_ibex_core/if_stage_i/gen_prefetch_buffer.prefetch_buffer_i/fifo_i/g_fifo_regs[1].g_rdata_nr.rdata_q_reg[1][25]/D
  -------------------------------------------------------------------    -------------------

                         (clock pl_clk rise edge)     0.000     0.000 r  
    Y14                                               0.000     0.000 r  pl_clk (IN)
                         net (fo=0)                   0.000     0.000    pl_clk
    Y14                  IBUF (Prop_ibuf_I_O)         0.490     0.490 r  pl_clk_IBUF_inst/O
                         net (fo=2, routed)           1.392     1.882    u_ibex/core_clock_gate_i/pl_clk_IBUF
    SLICE_X60Y46         LUT2 (Prop_lut2_I1_O)        0.056     1.938 r  u_ibex/core_clock_gate_i/g_rf_flops[1].rf_reg_q[31]_i_8/O
                         net (fo=1, routed)           0.292     2.230    u_ibex_n_32
    BUFGCTRL_X0Y0        BUFG (Prop_bufg_I_O)         0.029     2.259 r  g_rf_flops[1].rf_reg_q_reg[31]_i_2/O
                         net (fo=1841, routed)        0.832     3.091    u_ibex/u_ibex_core/if_stage_i/gen_prefetch_buffer.prefetch_buffer_i/fifo_i/CLK
    SLICE_X75Y48         FDRE                                         r  u_ibex/u_ibex_core/if_stage_i/gen_prefetch_buffer.prefetch_buffer_i/fifo_i/g_fifo_regs[1].g_rdata_nr.rdata_q_reg[1][25]/C
                         clock pessimism             -0.188     2.903    
    SLICE_X75Y48         FDRE (Hold_fdre_C_D)         0.107     3.010    u_ibex/u_ibex_core/if_stage_i/gen_prefetch_buffer.prefetch_buffer_i/fifo_i/g_fifo_regs[1].g_rdata_nr.rdata_q_reg[1][25]
  -------------------------------------------------------------------
                         required time                         -3.010    
                         arrival time                           2.783    
  -------------------------------------------------------------------
                         slack                                 -0.227    

Slack (VIOLATED) :        -0.226ns  (arrival time - required time)
  Source:                 rdata_q_reg[11]_i_2/C
                            (rising edge-triggered cell FDRE clocked by pl_clk  {rise@0.000ns fall@10.000ns period=20.000ns})
  Destination:            u_ibex/u_ibex_core/load_store_unit_i/rdata_q_reg[11]/D
                            (rising edge-triggered cell FDCE clocked by pl_clk  {rise@0.000ns fall@10.000ns period=20.000ns})
  Path Group:             pl_clk
  Path Type:              Hold (Min at Fast Process Corner)
  Requirement:            0.000ns  (pl_clk rise@0.000ns - pl_clk rise@0.000ns)
  Data Path Delay:        1.212ns  (logic 0.209ns (17.242%)  route 1.003ns (82.758%))
  Logic Levels:           1  (LUT6=1)
  Clock Path Skew:        1.368ns (DCD - SCD - CPR)
    Destination Clock Delay (DCD):    3.117ns
    Source Clock Delay      (SCD):    1.561ns
    Clock Pessimism Removal (CPR):    0.188ns

    Location             Delay type                Incr(ns)  Path(ns)    Netlist Resource(s)
  -------------------------------------------------------------------    -------------------
                         (clock pl_clk rise edge)     0.000     0.000 r  
    Y14                                               0.000     0.000 r  pl_clk (IN)
                         net (fo=0)                   0.000     0.000    pl_clk
    Y14                  IBUF (Prop_ibuf_I_O)         0.301     0.301 r  pl_clk_IBUF_inst/O
                         net (fo=2, routed)           0.648     0.949    pl_clk_IBUF
    BUFGCTRL_X0Y1        BUFG (Prop_bufg_I_O)         0.026     0.975 r  pl_clk_IBUF_BUFG_inst/O
                         net (fo=158, routed)         0.586     1.561    pl_clk_IBUF_BUFG
    SLICE_X78Y48         FDRE                                         r  rdata_q_reg[11]_i_2/C
  -------------------------------------------------------------------    -------------------
    SLICE_X78Y48         FDRE (Prop_fdre_C_Q)         0.164     1.725 r  rdata_q_reg[11]_i_2/Q
                         net (fo=1, routed)           0.388     2.113    u_bus/rdata_q_reg[11]
    SLICE_X79Y48         LUT6 (Prop_lut6_I2_O)        0.045     2.158 r  u_bus/rdata_q[11]_i_1/O
                         net (fo=6, routed)           0.615     2.773    u_ibex/u_ibex_core/load_store_unit_i/data_rdata[11]
    SLICE_X85Y52         FDCE                                         r  u_ibex/u_ibex_core/load_store_unit_i/rdata_q_reg[11]/D
  -------------------------------------------------------------------    -------------------

                         (clock pl_clk rise edge)     0.000     0.000 r  
    Y14                                               0.000     0.000 r  pl_clk (IN)
                         net (fo=0)                   0.000     0.000    pl_clk
    Y14                  IBUF (Prop_ibuf_I_O)         0.490     0.490 r  pl_clk_IBUF_inst/O
                         net (fo=2, routed)           1.392     1.882    u_ibex/core_clock_gate_i/pl_clk_IBUF
    SLICE_X60Y46         LUT2 (Prop_lut2_I1_O)        0.056     1.938 r  u_ibex/core_clock_gate_i/g_rf_flops[1].rf_reg_q[31]_i_8/O
                         net (fo=1, routed)           0.292     2.230    u_ibex_n_32
    BUFGCTRL_X0Y0        BUFG (Prop_bufg_I_O)         0.029     2.259 r  g_rf_flops[1].rf_reg_q_reg[31]_i_2/O
                         net (fo=1841, routed)        0.858     3.117    u_ibex/u_ibex_core/load_store_unit_i/CLK
    SLICE_X85Y52         FDCE                                         r  u_ibex/u_ibex_core/load_store_unit_i/rdata_q_reg[11]/C
                         clock pessimism             -0.188     2.929    
    SLICE_X85Y52         FDCE (Hold_fdce_C_D)         0.070     2.999    u_ibex/u_ibex_core/load_store_unit_i/rdata_q_reg[11]
  -------------------------------------------------------------------
                         required time                         -2.999    
                         arrival time                           2.773    
  -------------------------------------------------------------------
                         slack                                 -0.226    

Slack (VIOLATED) :        -0.224ns  (arrival time - required time)
  Source:                 u_bus/sel_mem_q_reg/C
                            (rising edge-triggered cell FDCE clocked by pl_clk  {rise@0.000ns fall@10.000ns period=20.000ns})
  Destination:            u_ibex/u_ibex_core/load_store_unit_i/FSM_sequential_ls_fsm_cs_reg[1]/D
                            (rising edge-triggered cell FDCE clocked by pl_clk  {rise@0.000ns fall@10.000ns period=20.000ns})
  Path Group:             pl_clk
  Path Type:              Hold (Min at Fast Process Corner)
  Requirement:            0.000ns  (pl_clk rise@0.000ns - pl_clk rise@0.000ns)
  Data Path Delay:        1.241ns  (logic 0.231ns (18.615%)  route 1.010ns (81.385%))
  Logic Levels:           2  (LUT4=1 LUT5=1)
  Clock Path Skew:        1.344ns (DCD - SCD - CPR)
    Destination Clock Delay (DCD):    3.090ns
    Source Clock Delay      (SCD):    1.558ns
    Clock Pessimism Removal (CPR):    0.188ns

    Location             Delay type                Incr(ns)  Path(ns)    Netlist Resource(s)
  -------------------------------------------------------------------    -------------------
                         (clock pl_clk rise edge)     0.000     0.000 r  
    Y14                                               0.000     0.000 r  pl_clk (IN)
                         net (fo=0)                   0.000     0.000    pl_clk
    Y14                  IBUF (Prop_ibuf_I_O)         0.301     0.301 r  pl_clk_IBUF_inst/O
                         net (fo=2, routed)           0.648     0.949    pl_clk_IBUF
    BUFGCTRL_X0Y1        BUFG (Prop_bufg_I_O)         0.026     0.975 r  pl_clk_IBUF_BUFG_inst/O
                         net (fo=158, routed)         0.583     1.558    u_bus/pl_clk_IBUF_BUFG
    SLICE_X79Y53         FDCE                                         r  u_bus/sel_mem_q_reg/C
  -------------------------------------------------------------------    -------------------
    SLICE_X79Y53         FDCE (Prop_fdce_C_Q)         0.141     1.699 r  u_bus/sel_mem_q_reg/Q
                         net (fo=34, routed)          0.519     2.218    u_bus/sel_mem_q
    SLICE_X78Y50         LUT4 (Prop_lut4_I1_O)        0.045     2.263 f  u_bus/FSM_sequential_ls_fsm_cs[2]_i_2/O
                         net (fo=8, routed)           0.491     2.754    u_ibex/u_ibex_core/load_store_unit_i/data_rvalid
    SLICE_X76Y51         LUT5 (Prop_lut5_I2_O)        0.045     2.799 r  u_ibex/u_ibex_core/load_store_unit_i/FSM_sequential_ls_fsm_cs[1]_i_1/O
                         net (fo=1, routed)           0.000     2.799    u_ibex/u_ibex_core/load_store_unit_i/ls_fsm_ns__0[1]
    SLICE_X76Y51         FDCE                                         r  u_ibex/u_ibex_core/load_store_unit_i/FSM_sequential_ls_fsm_cs_reg[1]/D
  -------------------------------------------------------------------    -------------------

                         (clock pl_clk rise edge)     0.000     0.000 r  
    Y14                                               0.000     0.000 r  pl_clk (IN)
                         net (fo=0)                   0.000     0.000    pl_clk
    Y14                  IBUF (Prop_ibuf_I_O)         0.490     0.490 r  pl_clk_IBUF_inst/O
                         net (fo=2, routed)           1.392     1.882    u_ibex/core_clock_gate_i/pl_clk_IBUF
    SLICE_X60Y46         LUT2 (Prop_lut2_I1_O)        0.056     1.938 r  u_ibex/core_clock_gate_i/g_rf_flops[1].rf_reg_q[31]_i_8/O
                         net (fo=1, routed)           0.292     2.230    u_ibex_n_32
    BUFGCTRL_X0Y0        BUFG (Prop_bufg_I_O)         0.029     2.259 r  g_rf_flops[1].rf_reg_q_reg[31]_i_2/O
                         net (fo=1841, routed)        0.831     3.090    u_ibex/u_ibex_core/load_store_unit_i/CLK
    SLICE_X76Y51         FDCE                                         r  u_ibex/u_ibex_core/load_store_unit_i/FSM_sequential_ls_fsm_cs_reg[1]/C
                         clock pessimism             -0.188     2.902    
    SLICE_X76Y51         FDCE (Hold_fdce_C_D)         0.121     3.023    u_ibex/u_ibex_core/load_store_unit_i/FSM_sequential_ls_fsm_cs_reg[1]
  -------------------------------------------------------------------
                         required time                         -3.023    
                         arrival time                           2.799    
  -------------------------------------------------------------------
                         slack                                 -0.224    

Slack (VIOLATED) :        -0.224ns  (arrival time - required time)
  Source:                 rdata_q_reg[9]_i_2/C
                            (rising edge-triggered cell FDRE clocked by pl_clk  {rise@0.000ns fall@10.000ns period=20.000ns})
  Destination:            u_ibex/u_ibex_core/load_store_unit_i/rdata_q_reg[9]/D
                            (rising edge-triggered cell FDCE clocked by pl_clk  {rise@0.000ns fall@10.000ns period=20.000ns})
  Path Group:             pl_clk
  Path Type:              Hold (Min at Fast Process Corner)
  Requirement:            0.000ns  (pl_clk rise@0.000ns - pl_clk rise@0.000ns)
  Data Path Delay:        1.213ns  (logic 0.246ns (20.276%)  route 0.967ns (79.724%))
  Logic Levels:           1  (LUT6=1)
  Clock Path Skew:        1.367ns (DCD - SCD - CPR)
    Destination Clock Delay (DCD):    3.116ns
    Source Clock Delay      (SCD):    1.561ns
    Clock Pessimism Removal (CPR):    0.188ns

    Location             Delay type                Incr(ns)  Path(ns)    Netlist Resource(s)
  -------------------------------------------------------------------    -------------------
                         (clock pl_clk rise edge)     0.000     0.000 r  
    Y14                                               0.000     0.000 r  pl_clk (IN)
                         net (fo=0)                   0.000     0.000    pl_clk
    Y14                  IBUF (Prop_ibuf_I_O)         0.301     0.301 r  pl_clk_IBUF_inst/O
                         net (fo=2, routed)           0.648     0.949    pl_clk_IBUF
    BUFGCTRL_X0Y1        BUFG (Prop_bufg_I_O)         0.026     0.975 r  pl_clk_IBUF_BUFG_inst/O
                         net (fo=158, routed)         0.586     1.561    pl_clk_IBUF_BUFG
    SLICE_X78Y48         FDRE                                         r  rdata_q_reg[9]_i_2/C
  -------------------------------------------------------------------    -------------------
    SLICE_X78Y48         FDRE (Prop_fdre_C_Q)         0.148     1.709 r  rdata_q_reg[9]_i_2/Q
                         net (fo=1, routed)           0.474     2.183    u_bus/rdata_q_reg[9]
    SLICE_X78Y49         LUT6 (Prop_lut6_I2_O)        0.098     2.281 r  u_bus/rdata_q[9]_i_1/O
                         net (fo=6, routed)           0.493     2.774    u_ibex/u_ibex_core/load_store_unit_i/data_rdata[9]
    SLICE_X84Y54         FDCE                                         r  u_ibex/u_ibex_core/load_store_unit_i/rdata_q_reg[9]/D
  -------------------------------------------------------------------    -------------------

                         (clock pl_clk rise edge)     0.000     0.000 r  
    Y14                                               0.000     0.000 r  pl_clk (IN)
                         net (fo=0)                   0.000     0.000    pl_clk
    Y14                  IBUF (Prop_ibuf_I_O)         0.490     0.490 r  pl_clk_IBUF_inst/O
                         net (fo=2, routed)           1.392     1.882    u_ibex/core_clock_gate_i/pl_clk_IBUF
    SLICE_X60Y46         LUT2 (Prop_lut2_I1_O)        0.056     1.938 r  u_ibex/core_clock_gate_i/g_rf_flops[1].rf_reg_q[31]_i_8/O
                         net (fo=1, routed)           0.292     2.230    u_ibex_n_32
    BUFGCTRL_X0Y0        BUFG (Prop_bufg_I_O)         0.029     2.259 r  g_rf_flops[1].rf_reg_q_reg[31]_i_2/O
                         net (fo=1841, routed)        0.857     3.116    u_ibex/u_ibex_core/load_store_unit_i/CLK
    SLICE_X84Y54         FDCE                                         r  u_ibex/u_ibex_core/load_store_unit_i/rdata_q_reg[9]/C
                         clock pessimism             -0.188     2.928    
    SLICE_X84Y54         FDCE (Hold_fdce_C_D)         0.070     2.998    u_ibex/u_ibex_core/load_store_unit_i/rdata_q_reg[9]
  -------------------------------------------------------------------
                         required time                         -2.998    
                         arrival time                           2.774    
  -------------------------------------------------------------------
                         slack                                 -0.224    

Slack (VIOLATED) :        -0.223ns  (arrival time - required time)
  Source:                 u_gpio/rdata_o_reg[28]/C
                            (rising edge-triggered cell FDCE clocked by pl_clk  {rise@0.000ns fall@10.000ns period=20.000ns})
  Destination:            u_ibex/u_ibex_core/load_store_unit_i/rdata_q_reg[28]/D
                            (rising edge-triggered cell FDCE clocked by pl_clk  {rise@0.000ns fall@10.000ns period=20.000ns})
  Path Group:             pl_clk
  Path Type:              Hold (Min at Fast Process Corner)
  Requirement:            0.000ns  (pl_clk rise@0.000ns - pl_clk rise@0.000ns)
  Data Path Delay:        1.214ns  (logic 0.209ns (17.209%)  route 1.005ns (82.791%))
  Logic Levels:           1  (LUT6=1)
  Clock Path Skew:        1.368ns (DCD - SCD - CPR)
    Destination Clock Delay (DCD):    3.116ns
    Source Clock Delay      (SCD):    1.560ns
    Clock Pessimism Removal (CPR):    0.188ns

    Location             Delay type                Incr(ns)  Path(ns)    Netlist Resource(s)
  -------------------------------------------------------------------    -------------------
                         (clock pl_clk rise edge)     0.000     0.000 r  
    Y14                                               0.000     0.000 r  pl_clk (IN)
                         net (fo=0)                   0.000     0.000    pl_clk
    Y14                  IBUF (Prop_ibuf_I_O)         0.301     0.301 r  pl_clk_IBUF_inst/O
                         net (fo=2, routed)           0.648     0.949    pl_clk_IBUF
    BUFGCTRL_X0Y1        BUFG (Prop_bufg_I_O)         0.026     0.975 r  pl_clk_IBUF_BUFG_inst/O
                         net (fo=158, routed)         0.585     1.560    u_gpio/pl_clk_IBUF_BUFG
    SLICE_X82Y51         FDCE                                         r  u_gpio/rdata_o_reg[28]/C
  -------------------------------------------------------------------    -------------------
    SLICE_X82Y51         FDCE (Prop_fdce_C_Q)         0.164     1.724 r  u_gpio/rdata_o_reg[28]/Q
                         net (fo=1, routed)           0.535     2.259    u_bus/rdata_q_reg[31][28]
    SLICE_X82Y51         LUT6 (Prop_lut6_I4_O)        0.045     2.304 r  u_bus/rdata_q[28]_i_1/O
                         net (fo=4, routed)           0.470     2.775    u_ibex/u_ibex_core/load_store_unit_i/data_rdata[28]
    SLICE_X83Y52         FDCE                                         r  u_ibex/u_ibex_core/load_store_unit_i/rdata_q_reg[28]/D
  -------------------------------------------------------------------    -------------------

                         (clock pl_clk rise edge)     0.000     0.000 r  
    Y14                                               0.000     0.000 r  pl_clk (IN)
                         net (fo=0)                   0.000     0.000    pl_clk
    Y14                  IBUF (Prop_ibuf_I_O)         0.490     0.490 r  pl_clk_IBUF_inst/O
                         net (fo=2, routed)           1.392     1.882    u_ibex/core_clock_gate_i/pl_clk_IBUF
    SLICE_X60Y46         LUT2 (Prop_lut2_I1_O)        0.056     1.938 r  u_ibex/core_clock_gate_i/g_rf_flops[1].rf_reg_q[31]_i_8/O
                         net (fo=1, routed)           0.292     2.230    u_ibex_n_32
    BUFGCTRL_X0Y0        BUFG (Prop_bufg_I_O)         0.029     2.259 r  g_rf_flops[1].rf_reg_q_reg[31]_i_2/O
                         net (fo=1841, routed)        0.857     3.116    u_ibex/u_ibex_core/load_store_unit_i/CLK
    SLICE_X83Y52         FDCE                                         r  u_ibex/u_ibex_core/load_store_unit_i/rdata_q_reg[28]/C
                         clock pessimism             -0.188     2.928    
    SLICE_X83Y52         FDCE (Hold_fdce_C_D)         0.070     2.998    u_ibex/u_ibex_core/load_store_unit_i/rdata_q_reg[28]
  -------------------------------------------------------------------
                         required time                         -2.998    
                         arrival time                           2.775    
  -------------------------------------------------------------------
                         slack                                 -0.223    





Pulse Width Checks
--------------------------------------------------------------------------------------
Clock Name:         pl_clk
Waveform(ns):       { 0.000 10.000 }
Period(ns):         20.000
Sources:            { pl_clk }

Check Type        Corner  Lib Pin             Reference Pin  Required(ns)  Actual(ns)  Slack(ns)  Location       Pin
Min Period        n/a     RAMB36E1/CLKARDCLK  n/a            2.472         20.000      17.528     RAMB36_X3Y10   u_bram/mem_reg_0/CLKARDCLK
Min Period        n/a     RAMB36E1/CLKARDCLK  n/a            2.472         20.000      17.528     RAMB36_X2Y9    u_bram/mem_reg_1/CLKARDCLK
Min Period        n/a     RAMB36E1/CLKARDCLK  n/a            2.472         20.000      17.528     RAMB36_X3Y9    u_bram/mem_reg_2/CLKARDCLK
Min Period        n/a     RAMB36E1/CLKARDCLK  n/a            2.472         20.000      17.528     RAMB36_X2Y10   u_bram/mem_reg_3/CLKARDCLK
Min Period        n/a     RAMB36E1/CLKBWRCLK  n/a            2.170         20.000      17.830     RAMB36_X3Y10   u_bram/mem_reg_0/CLKBWRCLK
Min Period        n/a     RAMB36E1/CLKBWRCLK  n/a            2.170         20.000      17.830     RAMB36_X2Y9    u_bram/mem_reg_1/CLKBWRCLK
Min Period        n/a     RAMB36E1/CLKBWRCLK  n/a            2.170         20.000      17.830     RAMB36_X3Y9    u_bram/mem_reg_2/CLKBWRCLK
Min Period        n/a     RAMB36E1/CLKBWRCLK  n/a            2.170         20.000      17.830     RAMB36_X2Y10   u_bram/mem_reg_3/CLKBWRCLK
Min Period        n/a     BUFG/I              n/a            1.592         20.000      18.408     BUFGCTRL_X0Y0  g_rf_flops[1].rf_reg_q_reg[31]_i_2/I
Min Period        n/a     BUFG/I              n/a            1.592         20.000      18.408     BUFGCTRL_X0Y1  pl_clk_IBUF_BUFG_inst/I
Low Pulse Width   Slow    FDRE/C              n/a            0.500         10.000      9.500      SLICE_X84Y50   g_rf_flops[1].rf_reg_q_reg[24]_i_20/C
Low Pulse Width   Fast    FDRE/C              n/a            0.500         10.000      9.500      SLICE_X84Y50   g_rf_flops[1].rf_reg_q_reg[24]_i_20/C
Low Pulse Width   Slow    FDRE/C              n/a            0.500         10.000      9.500      SLICE_X86Y51   g_rf_flops[1].rf_reg_q_reg[25]_i_21/C
Low Pulse Width   Fast    FDRE/C              n/a            0.500         10.000      9.500      SLICE_X86Y51   g_rf_flops[1].rf_reg_q_reg[25]_i_21/C
Low Pulse Width   Slow    FDRE/C              n/a            0.500         10.000      9.500      SLICE_X86Y51   g_rf_flops[1].rf_reg_q_reg[26]_i_20/C
Low Pulse Width   Fast    FDRE/C              n/a            0.500         10.000      9.500      SLICE_X86Y51   g_rf_flops[1].rf_reg_q_reg[26]_i_20/C
Low Pulse Width   Slow    FDRE/C              n/a            0.500         10.000      9.500      SLICE_X87Y53   g_rf_flops[1].rf_reg_q_reg[27]_i_20/C
Low Pulse Width   Fast    FDRE/C              n/a            0.500         10.000      9.500      SLICE_X87Y53   g_rf_flops[1].rf_reg_q_reg[27]_i_20/C
Low Pulse Width   Slow    FDRE/C              n/a            0.500         10.000      9.500      SLICE_X86Y51   g_rf_flops[1].rf_reg_q_reg[28]_i_21/C
Low Pulse Width   Fast    FDRE/C              n/a            0.500         10.000      9.500      SLICE_X86Y51   g_rf_flops[1].rf_reg_q_reg[28]_i_21/C
High Pulse Width  Slow    FDRE/C              n/a            0.500         10.000      9.500      SLICE_X84Y50   g_rf_flops[1].rf_reg_q_reg[24]_i_20/C
High Pulse Width  Fast    FDRE/C              n/a            0.500         10.000      9.500      SLICE_X84Y50   g_rf_flops[1].rf_reg_q_reg[24]_i_20/C
High Pulse Width  Slow    FDRE/C              n/a            0.500         10.000      9.500      SLICE_X86Y51   g_rf_flops[1].rf_reg_q_reg[25]_i_21/C
High Pulse Width  Fast    FDRE/C              n/a            0.500         10.000      9.500      SLICE_X86Y51   g_rf_flops[1].rf_reg_q_reg[25]_i_21/C
High Pulse Width  Slow    FDRE/C              n/a            0.500         10.000      9.500      SLICE_X86Y51   g_rf_flops[1].rf_reg_q_reg[26]_i_20/C
High Pulse Width  Fast    FDRE/C              n/a            0.500         10.000      9.500      SLICE_X86Y51   g_rf_flops[1].rf_reg_q_reg[26]_i_20/C
High Pulse Width  Slow    FDRE/C              n/a            0.500         10.000      9.500      SLICE_X87Y53   g_rf_flops[1].rf_reg_q_reg[27]_i_20/C
High Pulse Width  Fast    FDRE/C              n/a            0.500         10.000      9.500      SLICE_X87Y53   g_rf_flops[1].rf_reg_q_reg[27]_i_20/C
High Pulse Width  Slow    FDRE/C              n/a            0.500         10.000      9.500      SLICE_X86Y51   g_rf_flops[1].rf_reg_q_reg[28]_i_21/C
High Pulse Width  Fast    FDRE/C              n/a            0.500         10.000      9.500      SLICE_X86Y51   g_rf_flops[1].rf_reg_q_reg[28]_i_21/C



---------------------------------------------------------------------------------------------------
Path Group:  **async_default**
From Clock:  pl_clk
  To Clock:  pl_clk

Setup :            0  Failing Endpoints,  Worst Slack        9.842ns,  Total Violation        0.000ns
Hold  :            0  Failing Endpoints,  Worst Slack        0.707ns,  Total Violation        0.000ns
---------------------------------------------------------------------------------------------------


Max Delay Paths
--------------------------------------------------------------------------------------
Slack (MET) :             9.842ns  (required time - arrival time)
  Source:                 por_done_reg/C
                            (rising edge-triggered cell FDRE clocked by pl_clk  {rise@0.000ns fall@10.000ns period=20.000ns})
  Destination:            u_ibex/gen_regfile_ff.register_file_i/g_rf_flops[31].rf_reg_q_reg[31]/CLR
                            (recovery check against rising-edge clock pl_clk  {rise@0.000ns fall@10.000ns period=20.000ns})
  Path Group:             **async_default**
  Path Type:              Recovery (Max at Slow Process Corner)
  Requirement:            20.000ns  (pl_clk rise@20.000ns - pl_clk rise@0.000ns)
  Data Path Delay:        9.974ns  (logic 0.641ns (6.427%)  route 9.333ns (93.573%))
  Logic Levels:           1  (LUT1=1)
  Clock Path Skew:        0.361ns (DCD - SCD + CPR)
    Destination Clock Delay (DCD):    5.348ns = ( 25.348 - 20.000 ) 
    Source Clock Delay      (SCD):    5.054ns
    Clock Pessimism Removal (CPR):    0.066ns
  Clock Uncertainty:      0.035ns  ((TSJ^2 + TIJ^2)^1/2 + DJ) / 2 + PE
    Total System Jitter     (TSJ):    0.071ns
    Total Input Jitter      (TIJ):    0.000ns
    Discrete Jitter          (DJ):    0.000ns
    Phase Error              (PE):    0.000ns

    Location             Delay type                Incr(ns)  Path(ns)    Netlist Resource(s)
  -------------------------------------------------------------------    -------------------
                         (clock pl_clk rise edge)     0.000     0.000 r  
    Y14                                               0.000     0.000 r  pl_clk (IN)
                         net (fo=0)                   0.000     0.000    pl_clk
    Y14                  IBUF (Prop_ibuf_I_O)         1.465     1.465 r  pl_clk_IBUF_inst/O
                         net (fo=2, routed)           1.812     3.277    pl_clk_IBUF
    BUFGCTRL_X0Y1        BUFG (Prop_bufg_I_O)         0.085     3.362 r  pl_clk_IBUF_BUFG_inst/O
                         net (fo=158, routed)         1.692     5.054    pl_clk_IBUF_BUFG
    SLICE_X100Y134       FDRE                                         r  por_done_reg/C
  -------------------------------------------------------------------    -------------------
    SLICE_X100Y134       FDRE (Prop_fdre_C_Q)         0.398     5.452 r  por_done_reg/Q
                         net (fo=5, routed)           0.707     6.159    u_ibex/gen_regfile_ff.register_file_i/g_rf_flops[31].rf_reg_q_reg[31]_1
    SLICE_X100Y134       LUT1 (Prop_lut1_I0_O)        0.243     6.402 f  u_ibex/gen_regfile_ff.register_file_i/g_rf_flops[1].rf_reg_q[31]_i_3/O
                         net (fo=1682, routed)        8.626    15.028    u_ibex/gen_regfile_ff.register_file_i/por_done_reg
    SLICE_X52Y75         FDCE                                         f  u_ibex/gen_regfile_ff.register_file_i/g_rf_flops[31].rf_reg_q_reg[31]/CLR
  -------------------------------------------------------------------    -------------------

                         (clock pl_clk rise edge)    20.000    20.000 r  
    Y14                                               0.000    20.000 r  pl_clk (IN)
                         net (fo=0)                   0.000    20.000    pl_clk
    Y14                  IBUF (Prop_ibuf_I_O)         1.399    21.399 r  pl_clk_IBUF_inst/O
                         net (fo=2, routed)           2.039    23.438    u_ibex/core_clock_gate_i/pl_clk_IBUF
    SLICE_X60Y46         LUT2 (Prop_lut2_I1_O)        0.084    23.522 r  u_ibex/core_clock_gate_i/g_rf_flops[1].rf_reg_q[31]_i_8/O
                         net (fo=1, routed)           0.523    24.045    u_ibex_n_32
    BUFGCTRL_X0Y0        BUFG (Prop_bufg_I_O)         0.077    24.122 r  g_rf_flops[1].rf_reg_q_reg[31]_i_2/O
                         net (fo=1841, routed)        1.226    25.348    u_ibex/gen_regfile_ff.register_file_i/CLK
    SLICE_X52Y75         FDCE                                         r  u_ibex/gen_regfile_ff.register_file_i/g_rf_flops[31].rf_reg_q_reg[31]/C
                         clock pessimism              0.066    25.415    
                         clock uncertainty           -0.035    25.379    
    SLICE_X52Y75         FDCE (Recov_fdce_C_CLR)     -0.509    24.870    u_ibex/gen_regfile_ff.register_file_i/g_rf_flops[31].rf_reg_q_reg[31]
  -------------------------------------------------------------------
                         required time                         24.870    
                         arrival time                         -15.028    
  -------------------------------------------------------------------
                         slack                                  9.842    

Slack (MET) :             9.846ns  (required time - arrival time)
  Source:                 por_done_reg/C
                            (rising edge-triggered cell FDRE clocked by pl_clk  {rise@0.000ns fall@10.000ns period=20.000ns})
  Destination:            u_ibex/gen_regfile_ff.register_file_i/g_rf_flops[11].rf_reg_q_reg[31]/CLR
                            (recovery check against rising-edge clock pl_clk  {rise@0.000ns fall@10.000ns period=20.000ns})
  Path Group:             **async_default**
  Path Type:              Recovery (Max at Slow Process Corner)
  Requirement:            20.000ns  (pl_clk rise@20.000ns - pl_clk rise@0.000ns)
  Data Path Delay:        9.970ns  (logic 0.641ns (6.429%)  route 9.329ns (93.571%))
  Logic Levels:           1  (LUT1=1)
  Clock Path Skew:        0.361ns (DCD - SCD + CPR)
    Destination Clock Delay (DCD):    5.348ns = ( 25.348 - 20.000 ) 
    Source Clock Delay      (SCD):    5.054ns
    Clock Pessimism Removal (CPR):    0.066ns
  Clock Uncertainty:      0.035ns  ((TSJ^2 + TIJ^2)^1/2 + DJ) / 2 + PE
    Total System Jitter     (TSJ):    0.071ns
    Total Input Jitter      (TIJ):    0.000ns
    Discrete Jitter          (DJ):    0.000ns
    Phase Error              (PE):    0.000ns

    Location             Delay type                Incr(ns)  Path(ns)    Netlist Resource(s)
  -------------------------------------------------------------------    -------------------
                         (clock pl_clk rise edge)     0.000     0.000 r  
    Y14                                               0.000     0.000 r  pl_clk (IN)
                         net (fo=0)                   0.000     0.000    pl_clk
    Y14                  IBUF (Prop_ibuf_I_O)         1.465     1.465 r  pl_clk_IBUF_inst/O
                         net (fo=2, routed)           1.812     3.277    pl_clk_IBUF
    BUFGCTRL_X0Y1        BUFG (Prop_bufg_I_O)         0.085     3.362 r  pl_clk_IBUF_BUFG_inst/O
                         net (fo=158, routed)         1.692     5.054    pl_clk_IBUF_BUFG
    SLICE_X100Y134       FDRE                                         r  por_done_reg/C
  -------------------------------------------------------------------    -------------------
    SLICE_X100Y134       FDRE (Prop_fdre_C_Q)         0.398     5.452 r  por_done_reg/Q
                         net (fo=5, routed)           0.707     6.159    u_ibex/gen_regfile_ff.register_file_i/g_rf_flops[31].rf_reg_q_reg[31]_1
    SLICE_X100Y134       LUT1 (Prop_lut1_I0_O)        0.243     6.402 f  u_ibex/gen_regfile_ff.register_file_i/g_rf_flops[1].rf_reg_q[31]_i_3/O
                         net (fo=1682, routed)        8.623    15.024    u_ibex/gen_regfile_ff.register_file_i/por_done_reg
    SLICE_X53Y75         FDCE                                         f  u_ibex/gen_regfile_ff.register_file_i/g_rf_flops[11].rf_reg_q_reg[31]/CLR
  -------------------------------------------------------------------    -------------------

                         (clock pl_clk rise edge)    20.000    20.000 r  
    Y14                                               0.000    20.000 r  pl_clk (IN)
                         net (fo=0)                   0.000    20.000    pl_clk
    Y14                  IBUF (Prop_ibuf_I_O)         1.399    21.399 r  pl_clk_IBUF_inst/O
                         net (fo=2, routed)           2.039    23.438    u_ibex/core_clock_gate_i/pl_clk_IBUF
    SLICE_X60Y46         LUT2 (Prop_lut2_I1_O)        0.084    23.522 r  u_ibex/core_clock_gate_i/g_rf_flops[1].rf_reg_q[31]_i_8/O
                         net (fo=1, routed)           0.523    24.045    u_ibex_n_32
    BUFGCTRL_X0Y0        BUFG (Prop_bufg_I_O)         0.077    24.122 r  g_rf_flops[1].rf_reg_q_reg[31]_i_2/O
                         net (fo=1841, routed)        1.226    25.348    u_ibex/gen_regfile_ff.register_file_i/CLK
    SLICE_X53Y75         FDCE                                         r  u_ibex/gen_regfile_ff.register_file_i/g_rf_flops[11].rf_reg_q_reg[31]/C
                         clock pessimism              0.066    25.415    
                         clock uncertainty           -0.035    25.379    
    SLICE_X53Y75         FDCE (Recov_fdce_C_CLR)     -0.509    24.870    u_ibex/gen_regfile_ff.register_file_i/g_rf_flops[11].rf_reg_q_reg[31]
  -------------------------------------------------------------------
                         required time                         24.870    
                         arrival time                         -15.024    
  -------------------------------------------------------------------
                         slack                                  9.846    

Slack (MET) :             9.983ns  (required time - arrival time)
  Source:                 por_done_reg/C
                            (rising edge-triggered cell FDRE clocked by pl_clk  {rise@0.000ns fall@10.000ns period=20.000ns})
  Destination:            u_ibex/gen_regfile_ff.register_file_i/g_rf_flops[11].rf_reg_q_reg[27]/CLR
                            (recovery check against rising-edge clock pl_clk  {rise@0.000ns fall@10.000ns period=20.000ns})
  Path Group:             **async_default**
  Path Type:              Recovery (Max at Slow Process Corner)
  Requirement:            20.000ns  (pl_clk rise@20.000ns - pl_clk rise@0.000ns)
  Data Path Delay:        9.834ns  (logic 0.641ns (6.518%)  route 9.193ns (93.482%))
  Logic Levels:           1  (LUT1=1)
  Clock Path Skew:        0.361ns (DCD - SCD + CPR)
    Destination Clock Delay (DCD):    5.348ns = ( 25.348 - 20.000 ) 
    Source Clock Delay      (SCD):    5.054ns
    Clock Pessimism Removal (CPR):    0.066ns
  Clock Uncertainty:      0.035ns  ((TSJ^2 + TIJ^2)^1/2 + DJ) / 2 + PE
    Total System Jitter     (TSJ):    0.071ns
    Total Input Jitter      (TIJ):    0.000ns
    Discrete Jitter          (DJ):    0.000ns
    Phase Error              (PE):    0.000ns

    Location             Delay type                Incr(ns)  Path(ns)    Netlist Resource(s)
  -------------------------------------------------------------------    -------------------
                         (clock pl_clk rise edge)     0.000     0.000 r  
    Y14                                               0.000     0.000 r  pl_clk (IN)
                         net (fo=0)                   0.000     0.000    pl_clk
    Y14                  IBUF (Prop_ibuf_I_O)         1.465     1.465 r  pl_clk_IBUF_inst/O
                         net (fo=2, routed)           1.812     3.277    pl_clk_IBUF
    BUFGCTRL_X0Y1        BUFG (Prop_bufg_I_O)         0.085     3.362 r  pl_clk_IBUF_BUFG_inst/O
                         net (fo=158, routed)         1.692     5.054    pl_clk_IBUF_BUFG
    SLICE_X100Y134       FDRE                                         r  por_done_reg/C
  -------------------------------------------------------------------    -------------------
    SLICE_X100Y134       FDRE (Prop_fdre_C_Q)         0.398     5.452 r  por_done_reg/Q
                         net (fo=5, routed)           0.707     6.159    u_ibex/gen_regfile_ff.register_file_i/g_rf_flops[31].rf_reg_q_reg[31]_1
    SLICE_X100Y134       LUT1 (Prop_lut1_I0_O)        0.243     6.402 f  u_ibex/gen_regfile_ff.register_file_i/g_rf_flops[1].rf_reg_q[31]_i_3/O
                         net (fo=1682, routed)        8.486    14.888    u_ibex/gen_regfile_ff.register_file_i/por_done_reg
    SLICE_X52Y74         FDCE                                         f  u_ibex/gen_regfile_ff.register_file_i/g_rf_flops[11].rf_reg_q_reg[27]/CLR
  -------------------------------------------------------------------    -------------------

                         (clock pl_clk rise edge)    20.000    20.000 r  
    Y14                                               0.000    20.000 r  pl_clk (IN)
                         net (fo=0)                   0.000    20.000    pl_clk
    Y14                  IBUF (Prop_ibuf_I_O)         1.399    21.399 r  pl_clk_IBUF_inst/O
                         net (fo=2, routed)           2.039    23.438    u_ibex/core_clock_gate_i/pl_clk_IBUF
    SLICE_X60Y46         LUT2 (Prop_lut2_I1_O)        0.084    23.522 r  u_ibex/core_clock_gate_i/g_rf_flops[1].rf_reg_q[31]_i_8/O
                         net (fo=1, routed)           0.523    24.045    u_ibex_n_32
    BUFGCTRL_X0Y0        BUFG (Prop_bufg_I_O)         0.077    24.122 r  g_rf_flops[1].rf_reg_q_reg[31]_i_2/O
                         net (fo=1841, routed)        1.226    25.348    u_ibex/gen_regfile_ff.register_file_i/CLK
    SLICE_X52Y74         FDCE                                         r  u_ibex/gen_regfile_ff.register_file_i/g_rf_flops[11].rf_reg_q_reg[27]/C
                         clock pessimism              0.066    25.415    
                         clock uncertainty           -0.035    25.379    
    SLICE_X52Y74         FDCE (Recov_fdce_C_CLR)     -0.509    24.870    u_ibex/gen_regfile_ff.register_file_i/g_rf_flops[11].rf_reg_q_reg[27]
  -------------------------------------------------------------------
                         required time                         24.870    
                         arrival time                         -14.888    
  -------------------------------------------------------------------
                         slack                                  9.983    

Slack (MET) :             9.986ns  (required time - arrival time)
  Source:                 por_done_reg/C
                            (rising edge-triggered cell FDRE clocked by pl_clk  {rise@0.000ns fall@10.000ns period=20.000ns})
  Destination:            u_ibex/gen_regfile_ff.register_file_i/g_rf_flops[31].rf_reg_q_reg[27]/CLR
                            (recovery check against rising-edge clock pl_clk  {rise@0.000ns fall@10.000ns period=20.000ns})
  Path Group:             **async_default**
  Path Type:              Recovery (Max at Slow Process Corner)
  Requirement:            20.000ns  (pl_clk rise@20.000ns - pl_clk rise@0.000ns)
  Data Path Delay:        9.830ns  (logic 0.641ns (6.521%)  route 9.189ns (93.479%))
  Logic Levels:           1  (LUT1=1)
  Clock Path Skew:        0.361ns (DCD - SCD + CPR)
    Destination Clock Delay (DCD):    5.348ns = ( 25.348 - 20.000 ) 
    Source Clock Delay      (SCD):    5.054ns
    Clock Pessimism Removal (CPR):    0.066ns
  Clock Uncertainty:      0.035ns  ((TSJ^2 + TIJ^2)^1/2 + DJ) / 2 + PE
    Total System Jitter     (TSJ):    0.071ns
    Total Input Jitter      (TIJ):    0.000ns
    Discrete Jitter          (DJ):    0.000ns
    Phase Error              (PE):    0.000ns

    Location             Delay type                Incr(ns)  Path(ns)    Netlist Resource(s)
  -------------------------------------------------------------------    -------------------
                         (clock pl_clk rise edge)     0.000     0.000 r  
    Y14                                               0.000     0.000 r  pl_clk (IN)
                         net (fo=0)                   0.000     0.000    pl_clk
    Y14                  IBUF (Prop_ibuf_I_O)         1.465     1.465 r  pl_clk_IBUF_inst/O
                         net (fo=2, routed)           1.812     3.277    pl_clk_IBUF
    BUFGCTRL_X0Y1        BUFG (Prop_bufg_I_O)         0.085     3.362 r  pl_clk_IBUF_BUFG_inst/O
                         net (fo=158, routed)         1.692     5.054    pl_clk_IBUF_BUFG
    SLICE_X100Y134       FDRE                                         r  por_done_reg/C
  -------------------------------------------------------------------    -------------------
    SLICE_X100Y134       FDRE (Prop_fdre_C_Q)         0.398     5.452 r  por_done_reg/Q
                         net (fo=5, routed)           0.707     6.159    u_ibex/gen_regfile_ff.register_file_i/g_rf_flops[31].rf_reg_q_reg[31]_1
    SLICE_X100Y134       LUT1 (Prop_lut1_I0_O)        0.243     6.402 f  u_ibex/gen_regfile_ff.register_file_i/g_rf_flops[1].rf_reg_q[31]_i_3/O
                         net (fo=1682, routed)        8.482    14.884    u_ibex/gen_regfile_ff.register_file_i/por_done_reg
    SLICE_X53Y74         FDCE                                         f  u_ibex/gen_regfile_ff.register_file_i/g_rf_flops[31].rf_reg_q_reg[27]/CLR
  -------------------------------------------------------------------    -------------------

                         (clock pl_clk rise edge)    20.000    20.000 r  
    Y14                                               0.000    20.000 r  pl_clk (IN)
                         net (fo=0)                   0.000    20.000    pl_clk
    Y14                  IBUF (Prop_ibuf_I_O)         1.399    21.399 r  pl_clk_IBUF_inst/O
                         net (fo=2, routed)           2.039    23.438    u_ibex/core_clock_gate_i/pl_clk_IBUF
    SLICE_X60Y46         LUT2 (Prop_lut2_I1_O)        0.084    23.522 r  u_ibex/core_clock_gate_i/g_rf_flops[1].rf_reg_q[31]_i_8/O
                         net (fo=1, routed)           0.523    24.045    u_ibex_n_32
    BUFGCTRL_X0Y0        BUFG (Prop_bufg_I_O)         0.077    24.122 r  g_rf_flops[1].rf_reg_q_reg[31]_i_2/O
                         net (fo=1841, routed)        1.226    25.348    u_ibex/gen_regfile_ff.register_file_i/CLK
    SLICE_X53Y74         FDCE                                         r  u_ibex/gen_regfile_ff.register_file_i/g_rf_flops[31].rf_reg_q_reg[27]/C
                         clock pessimism              0.066    25.415    
                         clock uncertainty           -0.035    25.379    
    SLICE_X53Y74         FDCE (Recov_fdce_C_CLR)     -0.509    24.870    u_ibex/gen_regfile_ff.register_file_i/g_rf_flops[31].rf_reg_q_reg[27]
  -------------------------------------------------------------------
                         required time                         24.870    
                         arrival time                         -14.884    
  -------------------------------------------------------------------
                         slack                                  9.986    

Slack (MET) :             9.997ns  (required time - arrival time)
  Source:                 por_done_reg/C
                            (rising edge-triggered cell FDRE clocked by pl_clk  {rise@0.000ns fall@10.000ns period=20.000ns})
  Destination:            u_ibex/u_ibex_core/cs_registers_i/mcycle_counter_i/g_cnt_no_dsp.counter_q_reg[38]/CLR
                            (recovery check against rising-edge clock pl_clk  {rise@0.000ns fall@10.000ns period=20.000ns})
  Path Group:             **async_default**
  Path Type:              Recovery (Max at Slow Process Corner)
  Requirement:            20.000ns  (pl_clk rise@20.000ns - pl_clk rise@0.000ns)
  Data Path Delay:        9.834ns  (logic 0.641ns (6.518%)  route 9.193ns (93.482%))
  Logic Levels:           1  (LUT1=1)
  Clock Path Skew:        0.375ns (DCD - SCD + CPR)
    Destination Clock Delay (DCD):    5.362ns = ( 25.362 - 20.000 ) 
    Source Clock Delay      (SCD):    5.054ns
    Clock Pessimism Removal (CPR):    0.066ns
  Clock Uncertainty:      0.035ns  ((TSJ^2 + TIJ^2)^1/2 + DJ) / 2 + PE
    Total System Jitter     (TSJ):    0.071ns
    Total Input Jitter      (TIJ):    0.000ns
    Discrete Jitter          (DJ):    0.000ns
    Phase Error              (PE):    0.000ns

    Location             Delay type                Incr(ns)  Path(ns)    Netlist Resource(s)
  -------------------------------------------------------------------    -------------------
                         (clock pl_clk rise edge)     0.000     0.000 r  
    Y14                                               0.000     0.000 r  pl_clk (IN)
                         net (fo=0)                   0.000     0.000    pl_clk
    Y14                  IBUF (Prop_ibuf_I_O)         1.465     1.465 r  pl_clk_IBUF_inst/O
                         net (fo=2, routed)           1.812     3.277    pl_clk_IBUF
    BUFGCTRL_X0Y1        BUFG (Prop_bufg_I_O)         0.085     3.362 r  pl_clk_IBUF_BUFG_inst/O
                         net (fo=158, routed)         1.692     5.054    pl_clk_IBUF_BUFG
    SLICE_X100Y134       FDRE                                         r  por_done_reg/C
  -------------------------------------------------------------------    -------------------
    SLICE_X100Y134       FDRE (Prop_fdre_C_Q)         0.398     5.452 r  por_done_reg/Q
                         net (fo=5, routed)           0.707     6.159    u_ibex/gen_regfile_ff.register_file_i/g_rf_flops[31].rf_reg_q_reg[31]_1
    SLICE_X100Y134       LUT1 (Prop_lut1_I0_O)        0.243     6.402 f  u_ibex/gen_regfile_ff.register_file_i/g_rf_flops[1].rf_reg_q[31]_i_3/O
                         net (fo=1682, routed)        8.486    14.888    u_ibex/u_ibex_core/cs_registers_i/mcycle_counter_i/g_cnt_no_dsp.counter_q_reg[0]_0
    SLICE_X55Y54         FDCE                                         f  u_ibex/u_ibex_core/cs_registers_i/mcycle_counter_i/g_cnt_no_dsp.counter_q_reg[38]/CLR
  -------------------------------------------------------------------    -------------------

                         (clock pl_clk rise edge)    20.000    20.000 r  
    Y14                                               0.000    20.000 r  pl_clk (IN)
                         net (fo=0)                   0.000    20.000    pl_clk
    Y14                  IBUF (Prop_ibuf_I_O)         1.399    21.399 r  pl_clk_IBUF_inst/O
                         net (fo=2, routed)           2.039    23.438    u_ibex/core_clock_gate_i/pl_clk_IBUF
    SLICE_X60Y46         LUT2 (Prop_lut2_I1_O)        0.084    23.522 r  u_ibex/core_clock_gate_i/g_rf_flops[1].rf_reg_q[31]_i_8/O
                         net (fo=1, routed)           0.523    24.045    u_ibex_n_32
    BUFGCTRL_X0Y0        BUFG (Prop_bufg_I_O)         0.077    24.122 r  g_rf_flops[1].rf_reg_q_reg[31]_i_2/O
                         net (fo=1841, routed)        1.240    25.362    u_ibex/u_ibex_core/cs_registers_i/mcycle_counter_i/CLK
    SLICE_X55Y54         FDCE                                         r  u_ibex/u_ibex_core/cs_registers_i/mcycle_counter_i/g_cnt_no_dsp.counter_q_reg[38]/C
                         clock pessimism              0.066    25.429    
                         clock uncertainty           -0.035    25.393    
    SLICE_X55Y54         FDCE (Recov_fdce_C_CLR)     -0.509    24.884    u_ibex/u_ibex_core/cs_registers_i/mcycle_counter_i/g_cnt_no_dsp.counter_q_reg[38]
  -------------------------------------------------------------------
                         required time                         24.884    
                         arrival time                         -14.888    
  -------------------------------------------------------------------
                         slack                                  9.997    

Slack (MET) :             9.997ns  (required time - arrival time)
  Source:                 por_done_reg/C
                            (rising edge-triggered cell FDRE clocked by pl_clk  {rise@0.000ns fall@10.000ns period=20.000ns})
  Destination:            u_ibex/u_ibex_core/cs_registers_i/mcycle_counter_i/g_cnt_no_dsp.counter_q_reg[39]/CLR
                            (recovery check against rising-edge clock pl_clk  {rise@0.000ns fall@10.000ns period=20.000ns})
  Path Group:             **async_default**
  Path Type:              Recovery (Max at Slow Process Corner)
  Requirement:            20.000ns  (pl_clk rise@20.000ns - pl_clk rise@0.000ns)
  Data Path Delay:        9.834ns  (logic 0.641ns (6.518%)  route 9.193ns (93.482%))
  Logic Levels:           1  (LUT1=1)
  Clock Path Skew:        0.375ns (DCD - SCD + CPR)
    Destination Clock Delay (DCD):    5.362ns = ( 25.362 - 20.000 ) 
    Source Clock Delay      (SCD):    5.054ns
    Clock Pessimism Removal (CPR):    0.066ns
  Clock Uncertainty:      0.035ns  ((TSJ^2 + TIJ^2)^1/2 + DJ) / 2 + PE
    Total System Jitter     (TSJ):    0.071ns
    Total Input Jitter      (TIJ):    0.000ns
    Discrete Jitter          (DJ):    0.000ns
    Phase Error              (PE):    0.000ns

    Location             Delay type                Incr(ns)  Path(ns)    Netlist Resource(s)
  -------------------------------------------------------------------    -------------------
                         (clock pl_clk rise edge)     0.000     0.000 r  
    Y14                                               0.000     0.000 r  pl_clk (IN)
                         net (fo=0)                   0.000     0.000    pl_clk
    Y14                  IBUF (Prop_ibuf_I_O)         1.465     1.465 r  pl_clk_IBUF_inst/O
                         net (fo=2, routed)           1.812     3.277    pl_clk_IBUF
    BUFGCTRL_X0Y1        BUFG (Prop_bufg_I_O)         0.085     3.362 r  pl_clk_IBUF_BUFG_inst/O
                         net (fo=158, routed)         1.692     5.054    pl_clk_IBUF_BUFG
    SLICE_X100Y134       FDRE                                         r  por_done_reg/C
  -------------------------------------------------------------------    -------------------
    SLICE_X100Y134       FDRE (Prop_fdre_C_Q)         0.398     5.452 r  por_done_reg/Q
                         net (fo=5, routed)           0.707     6.159    u_ibex/gen_regfile_ff.register_file_i/g_rf_flops[31].rf_reg_q_reg[31]_1
    SLICE_X100Y134       LUT1 (Prop_lut1_I0_O)        0.243     6.402 f  u_ibex/gen_regfile_ff.register_file_i/g_rf_flops[1].rf_reg_q[31]_i_3/O
                         net (fo=1682, routed)        8.486    14.888    u_ibex/u_ibex_core/cs_registers_i/mcycle_counter_i/g_cnt_no_dsp.counter_q_reg[0]_0
    SLICE_X55Y54         FDCE                                         f  u_ibex/u_ibex_core/cs_registers_i/mcycle_counter_i/g_cnt_no_dsp.counter_q_reg[39]/CLR
  -------------------------------------------------------------------    -------------------

                         (clock pl_clk rise edge)    20.000    20.000 r  
    Y14                                               0.000    20.000 r  pl_clk (IN)
                         net (fo=0)                   0.000    20.000    pl_clk
    Y14                  IBUF (Prop_ibuf_I_O)         1.399    21.399 r  pl_clk_IBUF_inst/O
                         net (fo=2, routed)           2.039    23.438    u_ibex/core_clock_gate_i/pl_clk_IBUF
    SLICE_X60Y46         LUT2 (Prop_lut2_I1_O)        0.084    23.522 r  u_ibex/core_clock_gate_i/g_rf_flops[1].rf_reg_q[31]_i_8/O
                         net (fo=1, routed)           0.523    24.045    u_ibex_n_32
    BUFGCTRL_X0Y0        BUFG (Prop_bufg_I_O)         0.077    24.122 r  g_rf_flops[1].rf_reg_q_reg[31]_i_2/O
                         net (fo=1841, routed)        1.240    25.362    u_ibex/u_ibex_core/cs_registers_i/mcycle_counter_i/CLK
    SLICE_X55Y54         FDCE                                         r  u_ibex/u_ibex_core/cs_registers_i/mcycle_counter_i/g_cnt_no_dsp.counter_q_reg[39]/C
                         clock pessimism              0.066    25.429    
                         clock uncertainty           -0.035    25.393    
    SLICE_X55Y54         FDCE (Recov_fdce_C_CLR)     -0.509    24.884    u_ibex/u_ibex_core/cs_registers_i/mcycle_counter_i/g_cnt_no_dsp.counter_q_reg[39]
  -------------------------------------------------------------------
                         required time                         24.884    
                         arrival time                         -14.888    
  -------------------------------------------------------------------
                         slack                                  9.997    

Slack (MET) :             10.070ns  (required time - arrival time)
  Source:                 por_done_reg/C
                            (rising edge-triggered cell FDRE clocked by pl_clk  {rise@0.000ns fall@10.000ns period=20.000ns})
  Destination:            u_ibex/u_ibex_core/cs_registers_i/minstret_counter_i/g_cnt_no_dsp.counter_q_reg[33]/CLR
                            (recovery check against rising-edge clock pl_clk  {rise@0.000ns fall@10.000ns period=20.000ns})
  Path Group:             **async_default**
  Path Type:              Recovery (Max at Slow Process Corner)
  Requirement:            20.000ns  (pl_clk rise@20.000ns - pl_clk rise@0.000ns)
  Data Path Delay:        9.834ns  (logic 0.641ns (6.518%)  route 9.193ns (93.482%))
  Logic Levels:           1  (LUT1=1)
  Clock Path Skew:        0.375ns (DCD - SCD + CPR)
    Destination Clock Delay (DCD):    5.362ns = ( 25.362 - 20.000 ) 
    Source Clock Delay      (SCD):    5.054ns
    Clock Pessimism Removal (CPR):    0.066ns
  Clock Uncertainty:      0.035ns  ((TSJ^2 + TIJ^2)^1/2 + DJ) / 2 + PE
    Total System Jitter     (TSJ):    0.071ns
    Total Input Jitter      (TIJ):    0.000ns
    Discrete Jitter          (DJ):    0.000ns
    Phase Error              (PE):    0.000ns

    Location             Delay type                Incr(ns)  Path(ns)    Netlist Resource(s)
  -------------------------------------------------------------------    -------------------
                         (clock pl_clk rise edge)     0.000     0.000 r  
    Y14                                               0.000     0.000 r  pl_clk (IN)
                         net (fo=0)                   0.000     0.000    pl_clk
    Y14                  IBUF (Prop_ibuf_I_O)         1.465     1.465 r  pl_clk_IBUF_inst/O
                         net (fo=2, routed)           1.812     3.277    pl_clk_IBUF
    BUFGCTRL_X0Y1        BUFG (Prop_bufg_I_O)         0.085     3.362 r  pl_clk_IBUF_BUFG_inst/O
                         net (fo=158, routed)         1.692     5.054    pl_clk_IBUF_BUFG
    SLICE_X100Y134       FDRE                                         r  por_done_reg/C
  -------------------------------------------------------------------    -------------------
    SLICE_X100Y134       FDRE (Prop_fdre_C_Q)         0.398     5.452 r  por_done_reg/Q
                         net (fo=5, routed)           0.707     6.159    u_ibex/gen_regfile_ff.register_file_i/g_rf_flops[31].rf_reg_q_reg[31]_1
    SLICE_X100Y134       LUT1 (Prop_lut1_I0_O)        0.243     6.402 f  u_ibex/gen_regfile_ff.register_file_i/g_rf_flops[1].rf_reg_q[31]_i_3/O
                         net (fo=1682, routed)        8.486    14.888    u_ibex/u_ibex_core/cs_registers_i/minstret_counter_i/g_cnt_no_dsp.counter_q_reg[0]_0
    SLICE_X54Y54         FDCE                                         f  u_ibex/u_ibex_core/cs_registers_i/minstret_counter_i/g_cnt_no_dsp.counter_q_reg[33]/CLR
  -------------------------------------------------------------------    -------------------

                         (clock pl_clk rise edge)    20.000    20.000 r  
    Y14                                               0.000    20.000 r  pl_clk (IN)
                         net (fo=0)                   0.000    20.000    pl_clk
    Y14                  IBUF (Prop_ibuf_I_O)         1.399    21.399 r  pl_clk_IBUF_inst/O
                         net (fo=2, routed)           2.039    23.438    u_ibex/core_clock_gate_i/pl_clk_IBUF
    SLICE_X60Y46         LUT2 (Prop_lut2_I1_O)        0.084    23.522 r  u_ibex/core_clock_gate_i/g_rf_flops[1].rf_reg_q[31]_i_8/O
                         net (fo=1, routed)           0.523    24.045    u_ibex_n_32
    BUFGCTRL_X0Y0        BUFG (Prop_bufg_I_O)         0.077    24.122 r  g_rf_flops[1].rf_reg_q_reg[31]_i_2/O
                         net (fo=1841, routed)        1.240    25.362    u_ibex/u_ibex_core/cs_registers_i/minstret_counter_i/CLK
    SLICE_X54Y54         FDCE                                         r  u_ibex/u_ibex_core/cs_registers_i/minstret_counter_i/g_cnt_no_dsp.counter_q_reg[33]/C
                         clock pessimism              0.066    25.429    
                         clock uncertainty           -0.035    25.393    
    SLICE_X54Y54         FDCE (Recov_fdce_C_CLR)     -0.436    24.957    u_ibex/u_ibex_core/cs_registers_i/minstret_counter_i/g_cnt_no_dsp.counter_q_reg[33]
  -------------------------------------------------------------------
                         required time                         24.957    
                         arrival time                         -14.888    
  -------------------------------------------------------------------
                         slack                                 10.070    

Slack (MET) :             10.070ns  (required time - arrival time)
  Source:                 por_done_reg/C
                            (rising edge-triggered cell FDRE clocked by pl_clk  {rise@0.000ns fall@10.000ns period=20.000ns})
  Destination:            u_ibex/u_ibex_core/cs_registers_i/minstret_counter_i/g_cnt_no_dsp.counter_q_reg[34]/CLR
                            (recovery check against rising-edge clock pl_clk  {rise@0.000ns fall@10.000ns period=20.000ns})
  Path Group:             **async_default**
  Path Type:              Recovery (Max at Slow Process Corner)
  Requirement:            20.000ns  (pl_clk rise@20.000ns - pl_clk rise@0.000ns)
  Data Path Delay:        9.834ns  (logic 0.641ns (6.518%)  route 9.193ns (93.482%))
  Logic Levels:           1  (LUT1=1)
  Clock Path Skew:        0.375ns (DCD - SCD + CPR)
    Destination Clock Delay (DCD):    5.362ns = ( 25.362 - 20.000 ) 
    Source Clock Delay      (SCD):    5.054ns
    Clock Pessimism Removal (CPR):    0.066ns
  Clock Uncertainty:      0.035ns  ((TSJ^2 + TIJ^2)^1/2 + DJ) / 2 + PE
    Total System Jitter     (TSJ):    0.071ns
    Total Input Jitter      (TIJ):    0.000ns
    Discrete Jitter          (DJ):    0.000ns
    Phase Error              (PE):    0.000ns

    Location             Delay type                Incr(ns)  Path(ns)    Netlist Resource(s)
  -------------------------------------------------------------------    -------------------
                         (clock pl_clk rise edge)     0.000     0.000 r  
    Y14                                               0.000     0.000 r  pl_clk (IN)
                         net (fo=0)                   0.000     0.000    pl_clk
    Y14                  IBUF (Prop_ibuf_I_O)         1.465     1.465 r  pl_clk_IBUF_inst/O
                         net (fo=2, routed)           1.812     3.277    pl_clk_IBUF
    BUFGCTRL_X0Y1        BUFG (Prop_bufg_I_O)         0.085     3.362 r  pl_clk_IBUF_BUFG_inst/O
                         net (fo=158, routed)         1.692     5.054    pl_clk_IBUF_BUFG
    SLICE_X100Y134       FDRE                                         r  por_done_reg/C
  -------------------------------------------------------------------    -------------------
    SLICE_X100Y134       FDRE (Prop_fdre_C_Q)         0.398     5.452 r  por_done_reg/Q
                         net (fo=5, routed)           0.707     6.159    u_ibex/gen_regfile_ff.register_file_i/g_rf_flops[31].rf_reg_q_reg[31]_1
    SLICE_X100Y134       LUT1 (Prop_lut1_I0_O)        0.243     6.402 f  u_ibex/gen_regfile_ff.register_file_i/g_rf_flops[1].rf_reg_q[31]_i_3/O
                         net (fo=1682, routed)        8.486    14.888    u_ibex/u_ibex_core/cs_registers_i/minstret_counter_i/g_cnt_no_dsp.counter_q_reg[0]_0
    SLICE_X54Y54         FDCE                                         f  u_ibex/u_ibex_core/cs_registers_i/minstret_counter_i/g_cnt_no_dsp.counter_q_reg[34]/CLR
  -------------------------------------------------------------------    -------------------

                         (clock pl_clk rise edge)    20.000    20.000 r  
    Y14                                               0.000    20.000 r  pl_clk (IN)
                         net (fo=0)                   0.000    20.000    pl_clk
    Y14                  IBUF (Prop_ibuf_I_O)         1.399    21.399 r  pl_clk_IBUF_inst/O
                         net (fo=2, routed)           2.039    23.438    u_ibex/core_clock_gate_i/pl_clk_IBUF
    SLICE_X60Y46         LUT2 (Prop_lut2_I1_O)        0.084    23.522 r  u_ibex/core_clock_gate_i/g_rf_flops[1].rf_reg_q[31]_i_8/O
                         net (fo=1, routed)           0.523    24.045    u_ibex_n_32
    BUFGCTRL_X0Y0        BUFG (Prop_bufg_I_O)         0.077    24.122 r  g_rf_flops[1].rf_reg_q_reg[31]_i_2/O
                         net (fo=1841, routed)        1.240    25.362    u_ibex/u_ibex_core/cs_registers_i/minstret_counter_i/CLK
    SLICE_X54Y54         FDCE                                         r  u_ibex/u_ibex_core/cs_registers_i/minstret_counter_i/g_cnt_no_dsp.counter_q_reg[34]/C
                         clock pessimism              0.066    25.429    
                         clock uncertainty           -0.035    25.393    
    SLICE_X54Y54         FDCE (Recov_fdce_C_CLR)     -0.436    24.957    u_ibex/u_ibex_core/cs_registers_i/minstret_counter_i/g_cnt_no_dsp.counter_q_reg[34]
  -------------------------------------------------------------------
                         required time                         24.957    
                         arrival time                         -14.888    
  -------------------------------------------------------------------
                         slack                                 10.070    

Slack (MET) :             10.107ns  (required time - arrival time)
  Source:                 por_done_reg/C
                            (rising edge-triggered cell FDRE clocked by pl_clk  {rise@0.000ns fall@10.000ns period=20.000ns})
  Destination:            u_ibex/gen_regfile_ff.register_file_i/g_rf_flops[5].rf_reg_q_reg[31]/CLR
                            (recovery check against rising-edge clock pl_clk  {rise@0.000ns fall@10.000ns period=20.000ns})
  Path Group:             **async_default**
  Path Type:              Recovery (Max at Slow Process Corner)
  Requirement:            20.000ns  (pl_clk rise@20.000ns - pl_clk rise@0.000ns)
  Data Path Delay:        9.710ns  (logic 0.641ns (6.601%)  route 9.069ns (93.399%))
  Logic Levels:           1  (LUT1=1)
  Clock Path Skew:        0.362ns (DCD - SCD + CPR)
    Destination Clock Delay (DCD):    5.349ns = ( 25.349 - 20.000 ) 
    Source Clock Delay      (SCD):    5.054ns
    Clock Pessimism Removal (CPR):    0.066ns
  Clock Uncertainty:      0.035ns  ((TSJ^2 + TIJ^2)^1/2 + DJ) / 2 + PE
    Total System Jitter     (TSJ):    0.071ns
    Total Input Jitter      (TIJ):    0.000ns
    Discrete Jitter          (DJ):    0.000ns
    Phase Error              (PE):    0.000ns

    Location             Delay type                Incr(ns)  Path(ns)    Netlist Resource(s)
  -------------------------------------------------------------------    -------------------
                         (clock pl_clk rise edge)     0.000     0.000 r  
    Y14                                               0.000     0.000 r  pl_clk (IN)
                         net (fo=0)                   0.000     0.000    pl_clk
    Y14                  IBUF (Prop_ibuf_I_O)         1.465     1.465 r  pl_clk_IBUF_inst/O
                         net (fo=2, routed)           1.812     3.277    pl_clk_IBUF
    BUFGCTRL_X0Y1        BUFG (Prop_bufg_I_O)         0.085     3.362 r  pl_clk_IBUF_BUFG_inst/O
                         net (fo=158, routed)         1.692     5.054    pl_clk_IBUF_BUFG
    SLICE_X100Y134       FDRE                                         r  por_done_reg/C
  -------------------------------------------------------------------    -------------------
    SLICE_X100Y134       FDRE (Prop_fdre_C_Q)         0.398     5.452 r  por_done_reg/Q
                         net (fo=5, routed)           0.707     6.159    u_ibex/gen_regfile_ff.register_file_i/g_rf_flops[31].rf_reg_q_reg[31]_1
    SLICE_X100Y134       LUT1 (Prop_lut1_I0_O)        0.243     6.402 f  u_ibex/gen_regfile_ff.register_file_i/g_rf_flops[1].rf_reg_q[31]_i_3/O
                         net (fo=1682, routed)        8.362    14.764    u_ibex/gen_regfile_ff.register_file_i/por_done_reg
    SLICE_X52Y73         FDCE                                         f  u_ibex/gen_regfile_ff.register_file_i/g_rf_flops[5].rf_reg_q_reg[31]/CLR
  -------------------------------------------------------------------    -------------------

                         (clock pl_clk rise edge)    20.000    20.000 r  
    Y14                                               0.000    20.000 r  pl_clk (IN)
                         net (fo=0)                   0.000    20.000    pl_clk
    Y14                  IBUF (Prop_ibuf_I_O)         1.399    21.399 r  pl_clk_IBUF_inst/O
                         net (fo=2, routed)           2.039    23.438    u_ibex/core_clock_gate_i/pl_clk_IBUF
    SLICE_X60Y46         LUT2 (Prop_lut2_I1_O)        0.084    23.522 r  u_ibex/core_clock_gate_i/g_rf_flops[1].rf_reg_q[31]_i_8/O
                         net (fo=1, routed)           0.523    24.045    u_ibex_n_32
    BUFGCTRL_X0Y0        BUFG (Prop_bufg_I_O)         0.077    24.122 r  g_rf_flops[1].rf_reg_q_reg[31]_i_2/O
                         net (fo=1841, routed)        1.227    25.349    u_ibex/gen_regfile_ff.register_file_i/CLK
    SLICE_X52Y73         FDCE                                         r  u_ibex/gen_regfile_ff.register_file_i/g_rf_flops[5].rf_reg_q_reg[31]/C
                         clock pessimism              0.066    25.416    
                         clock uncertainty           -0.035    25.380    
    SLICE_X52Y73         FDCE (Recov_fdce_C_CLR)     -0.509    24.871    u_ibex/gen_regfile_ff.register_file_i/g_rf_flops[5].rf_reg_q_reg[31]
  -------------------------------------------------------------------
                         required time                         24.871    
                         arrival time                         -14.764    
  -------------------------------------------------------------------
                         slack                                 10.107    

Slack (MET) :             10.111ns  (required time - arrival time)
  Source:                 por_done_reg/C
                            (rising edge-triggered cell FDRE clocked by pl_clk  {rise@0.000ns fall@10.000ns period=20.000ns})
  Destination:            u_ibex/gen_regfile_ff.register_file_i/g_rf_flops[1].rf_reg_q_reg[31]/CLR
                            (recovery check against rising-edge clock pl_clk  {rise@0.000ns fall@10.000ns period=20.000ns})
  Path Group:             **async_default**
  Path Type:              Recovery (Max at Slow Process Corner)
  Requirement:            20.000ns  (pl_clk rise@20.000ns - pl_clk rise@0.000ns)
  Data Path Delay:        9.706ns  (logic 0.641ns (6.604%)  route 9.065ns (93.396%))
  Logic Levels:           1  (LUT1=1)
  Clock Path Skew:        0.362ns (DCD - SCD + CPR)
    Destination Clock Delay (DCD):    5.349ns = ( 25.349 - 20.000 ) 
    Source Clock Delay      (SCD):    5.054ns
    Clock Pessimism Removal (CPR):    0.066ns
  Clock Uncertainty:      0.035ns  ((TSJ^2 + TIJ^2)^1/2 + DJ) / 2 + PE
    Total System Jitter     (TSJ):    0.071ns
    Total Input Jitter      (TIJ):    0.000ns
    Discrete Jitter          (DJ):    0.000ns
    Phase Error              (PE):    0.000ns

    Location             Delay type                Incr(ns)  Path(ns)    Netlist Resource(s)
  -------------------------------------------------------------------    -------------------
                         (clock pl_clk rise edge)     0.000     0.000 r  
    Y14                                               0.000     0.000 r  pl_clk (IN)
                         net (fo=0)                   0.000     0.000    pl_clk
    Y14                  IBUF (Prop_ibuf_I_O)         1.465     1.465 r  pl_clk_IBUF_inst/O
                         net (fo=2, routed)           1.812     3.277    pl_clk_IBUF
    BUFGCTRL_X0Y1        BUFG (Prop_bufg_I_O)         0.085     3.362 r  pl_clk_IBUF_BUFG_inst/O
                         net (fo=158, routed)         1.692     5.054    pl_clk_IBUF_BUFG
    SLICE_X100Y134       FDRE                                         r  por_done_reg/C
  -------------------------------------------------------------------    -------------------
    SLICE_X100Y134       FDRE (Prop_fdre_C_Q)         0.398     5.452 r  por_done_reg/Q
                         net (fo=5, routed)           0.707     6.159    u_ibex/gen_regfile_ff.register_file_i/g_rf_flops[31].rf_reg_q_reg[31]_1
    SLICE_X100Y134       LUT1 (Prop_lut1_I0_O)        0.243     6.402 f  u_ibex/gen_regfile_ff.register_file_i/g_rf_flops[1].rf_reg_q[31]_i_3/O
                         net (fo=1682, routed)        8.359    14.760    u_ibex/gen_regfile_ff.register_file_i/por_done_reg
    SLICE_X53Y73         FDCE                                         f  u_ibex/gen_regfile_ff.register_file_i/g_rf_flops[1].rf_reg_q_reg[31]/CLR
  -------------------------------------------------------------------    -------------------

                         (clock pl_clk rise edge)    20.000    20.000 r  
    Y14                                               0.000    20.000 r  pl_clk (IN)
                         net (fo=0)                   0.000    20.000    pl_clk
    Y14                  IBUF (Prop_ibuf_I_O)         1.399    21.399 r  pl_clk_IBUF_inst/O
                         net (fo=2, routed)           2.039    23.438    u_ibex/core_clock_gate_i/pl_clk_IBUF
    SLICE_X60Y46         LUT2 (Prop_lut2_I1_O)        0.084    23.522 r  u_ibex/core_clock_gate_i/g_rf_flops[1].rf_reg_q[31]_i_8/O
                         net (fo=1, routed)           0.523    24.045    u_ibex_n_32
    BUFGCTRL_X0Y0        BUFG (Prop_bufg_I_O)         0.077    24.122 r  g_rf_flops[1].rf_reg_q_reg[31]_i_2/O
                         net (fo=1841, routed)        1.227    25.349    u_ibex/gen_regfile_ff.register_file_i/CLK
    SLICE_X53Y73         FDCE                                         r  u_ibex/gen_regfile_ff.register_file_i/g_rf_flops[1].rf_reg_q_reg[31]/C
                         clock pessimism              0.066    25.416    
                         clock uncertainty           -0.035    25.380    
    SLICE_X53Y73         FDCE (Recov_fdce_C_CLR)     -0.509    24.871    u_ibex/gen_regfile_ff.register_file_i/g_rf_flops[1].rf_reg_q_reg[31]
  -------------------------------------------------------------------
                         required time                         24.871    
                         arrival time                         -14.760    
  -------------------------------------------------------------------
                         slack                                 10.111    





Min Delay Paths
--------------------------------------------------------------------------------------
Slack (MET) :             0.707ns  (arrival time - required time)
  Source:                 por_done_reg/C
                            (rising edge-triggered cell FDRE clocked by pl_clk  {rise@0.000ns fall@10.000ns period=20.000ns})
  Destination:            u_ibex/gen_regfile_ff.register_file_i/g_rf_flops[28].rf_reg_q_reg[14]/CLR
                            (removal check against rising-edge clock pl_clk  {rise@0.000ns fall@10.000ns period=20.000ns})
  Path Group:             **async_default**
  Path Type:              Removal (Min at Fast Process Corner)
  Requirement:            0.000ns  (pl_clk rise@0.000ns - pl_clk rise@0.000ns)
  Data Path Delay:        1.817ns  (logic 0.245ns (13.482%)  route 1.572ns (86.518%))
  Logic Levels:           1  (LUT1=1)
  Clock Path Skew:        1.250ns (DCD - SCD - CPR)
    Destination Clock Delay (DCD):    3.106ns
    Source Clock Delay      (SCD):    1.668ns
    Clock Pessimism Removal (CPR):    0.188ns

    Location             Delay type                Incr(ns)  Path(ns)    Netlist Resource(s)
  -------------------------------------------------------------------    -------------------
                         (clock pl_clk rise edge)     0.000     0.000 r  
    Y14                                               0.000     0.000 r  pl_clk (IN)
                         net (fo=0)                   0.000     0.000    pl_clk
    Y14                  IBUF (Prop_ibuf_I_O)         0.301     0.301 r  pl_clk_IBUF_inst/O
                         net (fo=2, routed)           0.648     0.949    pl_clk_IBUF
    BUFGCTRL_X0Y1        BUFG (Prop_bufg_I_O)         0.026     0.975 r  pl_clk_IBUF_BUFG_inst/O
                         net (fo=158, routed)         0.692     1.668    pl_clk_IBUF_BUFG
    SLICE_X100Y134       FDRE                                         r  por_done_reg/C
  -------------------------------------------------------------------    -------------------
    SLICE_X100Y134       FDRE (Prop_fdre_C_Q)         0.148     1.816 r  por_done_reg/Q
                         net (fo=5, routed)           0.303     2.118    u_ibex/gen_regfile_ff.register_file_i/g_rf_flops[31].rf_reg_q_reg[31]_1
    SLICE_X100Y134       LUT1 (Prop_lut1_I0_O)        0.097     2.215 f  u_ibex/gen_regfile_ff.register_file_i/g_rf_flops[1].rf_reg_q[31]_i_3/O
                         net (fo=1682, routed)        1.270     3.485    u_ibex/gen_regfile_ff.register_file_i/por_done_reg
    SLICE_X92Y72         FDCE                                         f  u_ibex/gen_regfile_ff.register_file_i/g_rf_flops[28].rf_reg_q_reg[14]/CLR
  -------------------------------------------------------------------    -------------------

                         (clock pl_clk rise edge)     0.000     0.000 r  
    Y14                                               0.000     0.000 r  pl_clk (IN)
                         net (fo=0)                   0.000     0.000    pl_clk
    Y14                  IBUF (Prop_ibuf_I_O)         0.490     0.490 r  pl_clk_IBUF_inst/O
                         net (fo=2, routed)           1.392     1.882    u_ibex/core_clock_gate_i/pl_clk_IBUF
    SLICE_X60Y46         LUT2 (Prop_lut2_I1_O)        0.056     1.938 r  u_ibex/core_clock_gate_i/g_rf_flops[1].rf_reg_q[31]_i_8/O
                         net (fo=1, routed)           0.292     2.230    u_ibex_n_32
    BUFGCTRL_X0Y0        BUFG (Prop_bufg_I_O)         0.029     2.259 r  g_rf_flops[1].rf_reg_q_reg[31]_i_2/O
                         net (fo=1841, routed)        0.847     3.106    u_ibex/gen_regfile_ff.register_file_i/CLK
    SLICE_X92Y72         FDCE                                         r  u_ibex/gen_regfile_ff.register_file_i/g_rf_flops[28].rf_reg_q_reg[14]/C
                         clock pessimism             -0.188     2.918    
    SLICE_X92Y72         FDCE (Remov_fdce_C_CLR)     -0.140     2.778    u_ibex/gen_regfile_ff.register_file_i/g_rf_flops[28].rf_reg_q_reg[14]
  -------------------------------------------------------------------
                         required time                         -2.778    
                         arrival time                           3.485    
  -------------------------------------------------------------------
                         slack                                  0.707    

Slack (MET) :             0.726ns  (arrival time - required time)
  Source:                 por_done_reg/C
                            (rising edge-triggered cell FDRE clocked by pl_clk  {rise@0.000ns fall@10.000ns period=20.000ns})
  Destination:            u_ibex/gen_regfile_ff.register_file_i/g_rf_flops[28].rf_reg_q_reg[18]/CLR
                            (removal check against rising-edge clock pl_clk  {rise@0.000ns fall@10.000ns period=20.000ns})
  Path Group:             **async_default**
  Path Type:              Removal (Min at Fast Process Corner)
  Requirement:            0.000ns  (pl_clk rise@0.000ns - pl_clk rise@0.000ns)
  Data Path Delay:        1.837ns  (logic 0.245ns (13.336%)  route 1.592ns (86.664%))
  Logic Levels:           1  (LUT1=1)
  Clock Path Skew:        1.251ns (DCD - SCD - CPR)
    Destination Clock Delay (DCD):    3.107ns
    Source Clock Delay      (SCD):    1.668ns
    Clock Pessimism Removal (CPR):    0.188ns

    Location             Delay type                Incr(ns)  Path(ns)    Netlist Resource(s)
  -------------------------------------------------------------------    -------------------
                         (clock pl_clk rise edge)     0.000     0.000 r  
    Y14                                               0.000     0.000 r  pl_clk (IN)
                         net (fo=0)                   0.000     0.000    pl_clk
    Y14                  IBUF (Prop_ibuf_I_O)         0.301     0.301 r  pl_clk_IBUF_inst/O
                         net (fo=2, routed)           0.648     0.949    pl_clk_IBUF
    BUFGCTRL_X0Y1        BUFG (Prop_bufg_I_O)         0.026     0.975 r  pl_clk_IBUF_BUFG_inst/O
                         net (fo=158, routed)         0.692     1.668    pl_clk_IBUF_BUFG
    SLICE_X100Y134       FDRE                                         r  por_done_reg/C
  -------------------------------------------------------------------    -------------------
    SLICE_X100Y134       FDRE (Prop_fdre_C_Q)         0.148     1.816 r  por_done_reg/Q
                         net (fo=5, routed)           0.303     2.118    u_ibex/gen_regfile_ff.register_file_i/g_rf_flops[31].rf_reg_q_reg[31]_1
    SLICE_X100Y134       LUT1 (Prop_lut1_I0_O)        0.097     2.215 f  u_ibex/gen_regfile_ff.register_file_i/g_rf_flops[1].rf_reg_q[31]_i_3/O
                         net (fo=1682, routed)        1.289     3.505    u_ibex/gen_regfile_ff.register_file_i/por_done_reg
    SLICE_X94Y71         FDCE                                         f  u_ibex/gen_regfile_ff.register_file_i/g_rf_flops[28].rf_reg_q_reg[18]/CLR
  -------------------------------------------------------------------    -------------------

                         (clock pl_clk rise edge)     0.000     0.000 r  
    Y14                                               0.000     0.000 r  pl_clk (IN)
                         net (fo=0)                   0.000     0.000    pl_clk
    Y14                  IBUF (Prop_ibuf_I_O)         0.490     0.490 r  pl_clk_IBUF_inst/O
                         net (fo=2, routed)           1.392     1.882    u_ibex/core_clock_gate_i/pl_clk_IBUF
    SLICE_X60Y46         LUT2 (Prop_lut2_I1_O)        0.056     1.938 r  u_ibex/core_clock_gate_i/g_rf_flops[1].rf_reg_q[31]_i_8/O
                         net (fo=1, routed)           0.292     2.230    u_ibex_n_32
    BUFGCTRL_X0Y0        BUFG (Prop_bufg_I_O)         0.029     2.259 r  g_rf_flops[1].rf_reg_q_reg[31]_i_2/O
                         net (fo=1841, routed)        0.848     3.107    u_ibex/gen_regfile_ff.register_file_i/CLK
    SLICE_X94Y71         FDCE                                         r  u_ibex/gen_regfile_ff.register_file_i/g_rf_flops[28].rf_reg_q_reg[18]/C
                         clock pessimism             -0.188     2.919    
    SLICE_X94Y71         FDCE (Remov_fdce_C_CLR)     -0.140     2.779    u_ibex/gen_regfile_ff.register_file_i/g_rf_flops[28].rf_reg_q_reg[18]
  -------------------------------------------------------------------
                         required time                         -2.779    
                         arrival time                           3.505    
  -------------------------------------------------------------------
                         slack                                  0.726    

Slack (MET) :             0.732ns  (arrival time - required time)
  Source:                 por_done_reg/C
                            (rising edge-triggered cell FDRE clocked by pl_clk  {rise@0.000ns fall@10.000ns period=20.000ns})
  Destination:            u_ibex/gen_regfile_ff.register_file_i/g_rf_flops[30].rf_reg_q_reg[18]/CLR
                            (removal check against rising-edge clock pl_clk  {rise@0.000ns fall@10.000ns period=20.000ns})
  Path Group:             **async_default**
  Path Type:              Removal (Min at Fast Process Corner)
  Requirement:            0.000ns  (pl_clk rise@0.000ns - pl_clk rise@0.000ns)
  Data Path Delay:        1.817ns  (logic 0.245ns (13.482%)  route 1.572ns (86.518%))
  Logic Levels:           1  (LUT1=1)
  Clock Path Skew:        1.250ns (DCD - SCD - CPR)
    Destination Clock Delay (DCD):    3.106ns
    Source Clock Delay      (SCD):    1.668ns
    Clock Pessimism Removal (CPR):    0.188ns

    Location             Delay type                Incr(ns)  Path(ns)    Netlist Resource(s)
  -------------------------------------------------------------------    -------------------
                         (clock pl_clk rise edge)     0.000     0.000 r  
    Y14                                               0.000     0.000 r  pl_clk (IN)
                         net (fo=0)                   0.000     0.000    pl_clk
    Y14                  IBUF (Prop_ibuf_I_O)         0.301     0.301 r  pl_clk_IBUF_inst/O
                         net (fo=2, routed)           0.648     0.949    pl_clk_IBUF
    BUFGCTRL_X0Y1        BUFG (Prop_bufg_I_O)         0.026     0.975 r  pl_clk_IBUF_BUFG_inst/O
                         net (fo=158, routed)         0.692     1.668    pl_clk_IBUF_BUFG
    SLICE_X100Y134       FDRE                                         r  por_done_reg/C
  -------------------------------------------------------------------    -------------------
    SLICE_X100Y134       FDRE (Prop_fdre_C_Q)         0.148     1.816 r  por_done_reg/Q
                         net (fo=5, routed)           0.303     2.118    u_ibex/gen_regfile_ff.register_file_i/g_rf_flops[31].rf_reg_q_reg[31]_1
    SLICE_X100Y134       LUT1 (Prop_lut1_I0_O)        0.097     2.215 f  u_ibex/gen_regfile_ff.register_file_i/g_rf_flops[1].rf_reg_q[31]_i_3/O
                         net (fo=1682, routed)        1.270     3.485    u_ibex/gen_regfile_ff.register_file_i/por_done_reg
    SLICE_X93Y72         FDCE                                         f  u_ibex/gen_regfile_ff.register_file_i/g_rf_flops[30].rf_reg_q_reg[18]/CLR
  -------------------------------------------------------------------    -------------------

                         (clock pl_clk rise edge)     0.000     0.000 r  
    Y14                                               0.000     0.000 r  pl_clk (IN)
                         net (fo=0)                   0.000     0.000    pl_clk
    Y14                  IBUF (Prop_ibuf_I_O)         0.490     0.490 r  pl_clk_IBUF_inst/O
                         net (fo=2, routed)           1.392     1.882    u_ibex/core_clock_gate_i/pl_clk_IBUF
    SLICE_X60Y46         LUT2 (Prop_lut2_I1_O)        0.056     1.938 r  u_ibex/core_clock_gate_i/g_rf_flops[1].rf_reg_q[31]_i_8/O
                         net (fo=1, routed)           0.292     2.230    u_ibex_n_32
    BUFGCTRL_X0Y0        BUFG (Prop_bufg_I_O)         0.029     2.259 r  g_rf_flops[1].rf_reg_q_reg[31]_i_2/O
                         net (fo=1841, routed)        0.847     3.106    u_ibex/gen_regfile_ff.register_file_i/CLK
    SLICE_X93Y72         FDCE                                         r  u_ibex/gen_regfile_ff.register_file_i/g_rf_flops[30].rf_reg_q_reg[18]/C
                         clock pessimism             -0.188     2.918    
    SLICE_X93Y72         FDCE (Remov_fdce_C_CLR)     -0.165     2.753    u_ibex/gen_regfile_ff.register_file_i/g_rf_flops[30].rf_reg_q_reg[18]
  -------------------------------------------------------------------
                         required time                         -2.753    
                         arrival time                           3.485    
  -------------------------------------------------------------------
                         slack                                  0.732    

Slack (MET) :             0.784ns  (arrival time - required time)
  Source:                 por_done_reg/C
                            (rising edge-triggered cell FDRE clocked by pl_clk  {rise@0.000ns fall@10.000ns period=20.000ns})
  Destination:            u_ibex/gen_regfile_ff.register_file_i/g_rf_flops[24].rf_reg_q_reg[14]/CLR
                            (removal check against rising-edge clock pl_clk  {rise@0.000ns fall@10.000ns period=20.000ns})
  Path Group:             **async_default**
  Path Type:              Removal (Min at Fast Process Corner)
  Requirement:            0.000ns  (pl_clk rise@0.000ns - pl_clk rise@0.000ns)
  Data Path Delay:        1.896ns  (logic 0.245ns (12.924%)  route 1.651ns (87.076%))
  Logic Levels:           1  (LUT1=1)
  Clock Path Skew:        1.251ns (DCD - SCD - CPR)
    Destination Clock Delay (DCD):    3.107ns
    Source Clock Delay      (SCD):    1.668ns
    Clock Pessimism Removal (CPR):    0.188ns

    Location             Delay type                Incr(ns)  Path(ns)    Netlist Resource(s)
  -------------------------------------------------------------------    -------------------
                         (clock pl_clk rise edge)     0.000     0.000 r  
    Y14                                               0.000     0.000 r  pl_clk (IN)
                         net (fo=0)                   0.000     0.000    pl_clk
    Y14                  IBUF (Prop_ibuf_I_O)         0.301     0.301 r  pl_clk_IBUF_inst/O
                         net (fo=2, routed)           0.648     0.949    pl_clk_IBUF
    BUFGCTRL_X0Y1        BUFG (Prop_bufg_I_O)         0.026     0.975 r  pl_clk_IBUF_BUFG_inst/O
                         net (fo=158, routed)         0.692     1.668    pl_clk_IBUF_BUFG
    SLICE_X100Y134       FDRE                                         r  por_done_reg/C
  -------------------------------------------------------------------    -------------------
    SLICE_X100Y134       FDRE (Prop_fdre_C_Q)         0.148     1.816 r  por_done_reg/Q
                         net (fo=5, routed)           0.303     2.118    u_ibex/gen_regfile_ff.register_file_i/g_rf_flops[31].rf_reg_q_reg[31]_1
    SLICE_X100Y134       LUT1 (Prop_lut1_I0_O)        0.097     2.215 f  u_ibex/gen_regfile_ff.register_file_i/g_rf_flops[1].rf_reg_q[31]_i_3/O
                         net (fo=1682, routed)        1.348     3.563    u_ibex/gen_regfile_ff.register_file_i/por_done_reg
    SLICE_X92Y71         FDCE                                         f  u_ibex/gen_regfile_ff.register_file_i/g_rf_flops[24].rf_reg_q_reg[14]/CLR
  -------------------------------------------------------------------    -------------------

                         (clock pl_clk rise edge)     0.000     0.000 r  
    Y14                                               0.000     0.000 r  pl_clk (IN)
                         net (fo=0)                   0.000     0.000    pl_clk
    Y14                  IBUF (Prop_ibuf_I_O)         0.490     0.490 r  pl_clk_IBUF_inst/O
                         net (fo=2, routed)           1.392     1.882    u_ibex/core_clock_gate_i/pl_clk_IBUF
    SLICE_X60Y46         LUT2 (Prop_lut2_I1_O)        0.056     1.938 r  u_ibex/core_clock_gate_i/g_rf_flops[1].rf_reg_q[31]_i_8/O
                         net (fo=1, routed)           0.292     2.230    u_ibex_n_32
    BUFGCTRL_X0Y0        BUFG (Prop_bufg_I_O)         0.029     2.259 r  g_rf_flops[1].rf_reg_q_reg[31]_i_2/O
                         net (fo=1841, routed)        0.848     3.107    u_ibex/gen_regfile_ff.register_file_i/CLK
    SLICE_X92Y71         FDCE                                         r  u_ibex/gen_regfile_ff.register_file_i/g_rf_flops[24].rf_reg_q_reg[14]/C
                         clock pessimism             -0.188     2.919    
    SLICE_X92Y71         FDCE (Remov_fdce_C_CLR)     -0.140     2.779    u_ibex/gen_regfile_ff.register_file_i/g_rf_flops[24].rf_reg_q_reg[14]
  -------------------------------------------------------------------
                         required time                         -2.779    
                         arrival time                           3.563    
  -------------------------------------------------------------------
                         slack                                  0.784    

Slack (MET) :             0.784ns  (arrival time - required time)
  Source:                 por_done_reg/C
                            (rising edge-triggered cell FDRE clocked by pl_clk  {rise@0.000ns fall@10.000ns period=20.000ns})
  Destination:            u_ibex/gen_regfile_ff.register_file_i/g_rf_flops[24].rf_reg_q_reg[18]/CLR
                            (removal check against rising-edge clock pl_clk  {rise@0.000ns fall@10.000ns period=20.000ns})
  Path Group:             **async_default**
  Path Type:              Removal (Min at Fast Process Corner)
  Requirement:            0.000ns  (pl_clk rise@0.000ns - pl_clk rise@0.000ns)
  Data Path Delay:        1.896ns  (logic 0.245ns (12.924%)  route 1.651ns (87.076%))
  Logic Levels:           1  (LUT1=1)
  Clock Path Skew:        1.251ns (DCD - SCD - CPR)
    Destination Clock Delay (DCD):    3.107ns
    Source Clock Delay      (SCD):    1.668ns
    Clock Pessimism Removal (CPR):    0.188ns

    Location             Delay type                Incr(ns)  Path(ns)    Netlist Resource(s)
  -------------------------------------------------------------------    -------------------
                         (clock pl_clk rise edge)     0.000     0.000 r  
    Y14                                               0.000     0.000 r  pl_clk (IN)
                         net (fo=0)                   0.000     0.000    pl_clk
    Y14                  IBUF (Prop_ibuf_I_O)         0.301     0.301 r  pl_clk_IBUF_inst/O
                         net (fo=2, routed)           0.648     0.949    pl_clk_IBUF
    BUFGCTRL_X0Y1        BUFG (Prop_bufg_I_O)         0.026     0.975 r  pl_clk_IBUF_BUFG_inst/O
                         net (fo=158, routed)         0.692     1.668    pl_clk_IBUF_BUFG
    SLICE_X100Y134       FDRE                                         r  por_done_reg/C
  -------------------------------------------------------------------    -------------------
    SLICE_X100Y134       FDRE (Prop_fdre_C_Q)         0.148     1.816 r  por_done_reg/Q
                         net (fo=5, routed)           0.303     2.118    u_ibex/gen_regfile_ff.register_file_i/g_rf_flops[31].rf_reg_q_reg[31]_1
    SLICE_X100Y134       LUT1 (Prop_lut1_I0_O)        0.097     2.215 f  u_ibex/gen_regfile_ff.register_file_i/g_rf_flops[1].rf_reg_q[31]_i_3/O
                         net (fo=1682, routed)        1.348     3.563    u_ibex/gen_regfile_ff.register_file_i/por_done_reg
    SLICE_X92Y71         FDCE                                         f  u_ibex/gen_regfile_ff.register_file_i/g_rf_flops[24].rf_reg_q_reg[18]/CLR
  -------------------------------------------------------------------    -------------------

                         (clock pl_clk rise edge)     0.000     0.000 r  
    Y14                                               0.000     0.000 r  pl_clk (IN)
                         net (fo=0)                   0.000     0.000    pl_clk
    Y14                  IBUF (Prop_ibuf_I_O)         0.490     0.490 r  pl_clk_IBUF_inst/O
                         net (fo=2, routed)           1.392     1.882    u_ibex/core_clock_gate_i/pl_clk_IBUF
    SLICE_X60Y46         LUT2 (Prop_lut2_I1_O)        0.056     1.938 r  u_ibex/core_clock_gate_i/g_rf_flops[1].rf_reg_q[31]_i_8/O
                         net (fo=1, routed)           0.292     2.230    u_ibex_n_32
    BUFGCTRL_X0Y0        BUFG (Prop_bufg_I_O)         0.029     2.259 r  g_rf_flops[1].rf_reg_q_reg[31]_i_2/O
                         net (fo=1841, routed)        0.848     3.107    u_ibex/gen_regfile_ff.register_file_i/CLK
    SLICE_X92Y71         FDCE                                         r  u_ibex/gen_regfile_ff.register_file_i/g_rf_flops[24].rf_reg_q_reg[18]/C
                         clock pessimism             -0.188     2.919    
    SLICE_X92Y71         FDCE (Remov_fdce_C_CLR)     -0.140     2.779    u_ibex/gen_regfile_ff.register_file_i/g_rf_flops[24].rf_reg_q_reg[18]
  -------------------------------------------------------------------
                         required time                         -2.779    
                         arrival time                           3.563    
  -------------------------------------------------------------------
                         slack                                  0.784    

Slack (MET) :             0.809ns  (arrival time - required time)
  Source:                 por_done_reg/C
                            (rising edge-triggered cell FDRE clocked by pl_clk  {rise@0.000ns fall@10.000ns period=20.000ns})
  Destination:            u_ibex/gen_regfile_ff.register_file_i/g_rf_flops[31].rf_reg_q_reg[14]/CLR
                            (removal check against rising-edge clock pl_clk  {rise@0.000ns fall@10.000ns period=20.000ns})
  Path Group:             **async_default**
  Path Type:              Removal (Min at Fast Process Corner)
  Requirement:            0.000ns  (pl_clk rise@0.000ns - pl_clk rise@0.000ns)
  Data Path Delay:        1.896ns  (logic 0.245ns (12.924%)  route 1.651ns (87.076%))
  Logic Levels:           1  (LUT1=1)
  Clock Path Skew:        1.251ns (DCD - SCD - CPR)
    Destination Clock Delay (DCD):    3.107ns
    Source Clock Delay      (SCD):    1.668ns
    Clock Pessimism Removal (CPR):    0.188ns

    Location             Delay type                Incr(ns)  Path(ns)    Netlist Resource(s)
  -------------------------------------------------------------------    -------------------
                         (clock pl_clk rise edge)     0.000     0.000 r  
    Y14                                               0.000     0.000 r  pl_clk (IN)
                         net (fo=0)                   0.000     0.000    pl_clk
    Y14                  IBUF (Prop_ibuf_I_O)         0.301     0.301 r  pl_clk_IBUF_inst/O
                         net (fo=2, routed)           0.648     0.949    pl_clk_IBUF
    BUFGCTRL_X0Y1        BUFG (Prop_bufg_I_O)         0.026     0.975 r  pl_clk_IBUF_BUFG_inst/O
                         net (fo=158, routed)         0.692     1.668    pl_clk_IBUF_BUFG
    SLICE_X100Y134       FDRE                                         r  por_done_reg/C
  -------------------------------------------------------------------    -------------------
    SLICE_X100Y134       FDRE (Prop_fdre_C_Q)         0.148     1.816 r  por_done_reg/Q
                         net (fo=5, routed)           0.303     2.118    u_ibex/gen_regfile_ff.register_file_i/g_rf_flops[31].rf_reg_q_reg[31]_1
    SLICE_X100Y134       LUT1 (Prop_lut1_I0_O)        0.097     2.215 f  u_ibex/gen_regfile_ff.register_file_i/g_rf_flops[1].rf_reg_q[31]_i_3/O
                         net (fo=1682, routed)        1.348     3.563    u_ibex/gen_regfile_ff.register_file_i/por_done_reg
    SLICE_X93Y71         FDCE                                         f  u_ibex/gen_regfile_ff.register_file_i/g_rf_flops[31].rf_reg_q_reg[14]/CLR
  -------------------------------------------------------------------    -------------------

                         (clock pl_clk rise edge)     0.000     0.000 r  
    Y14                                               0.000     0.000 r  pl_clk (IN)
                         net (fo=0)                   0.000     0.000    pl_clk
    Y14                  IBUF (Prop_ibuf_I_O)         0.490     0.490 r  pl_clk_IBUF_inst/O
                         net (fo=2, routed)           1.392     1.882    u_ibex/core_clock_gate_i/pl_clk_IBUF
    SLICE_X60Y46         LUT2 (Prop_lut2_I1_O)        0.056     1.938 r  u_ibex/core_clock_gate_i/g_rf_flops[1].rf_reg_q[31]_i_8/O
                         net (fo=1, routed)           0.292     2.230    u_ibex_n_32
    BUFGCTRL_X0Y0        BUFG (Prop_bufg_I_O)         0.029     2.259 r  g_rf_flops[1].rf_reg_q_reg[31]_i_2/O
                         net (fo=1841, routed)        0.848     3.107    u_ibex/gen_regfile_ff.register_file_i/CLK
    SLICE_X93Y71         FDCE                                         r  u_ibex/gen_regfile_ff.register_file_i/g_rf_flops[31].rf_reg_q_reg[14]/C
                         clock pessimism             -0.188     2.919    
    SLICE_X93Y71         FDCE (Remov_fdce_C_CLR)     -0.165     2.754    u_ibex/gen_regfile_ff.register_file_i/g_rf_flops[31].rf_reg_q_reg[14]
  -------------------------------------------------------------------
                         required time                         -2.754    
                         arrival time                           3.563    
  -------------------------------------------------------------------
                         slack                                  0.809    

Slack (MET) :             0.809ns  (arrival time - required time)
  Source:                 por_done_reg/C
                            (rising edge-triggered cell FDRE clocked by pl_clk  {rise@0.000ns fall@10.000ns period=20.000ns})
  Destination:            u_ibex/gen_regfile_ff.register_file_i/g_rf_flops[31].rf_reg_q_reg[18]/CLR
                            (removal check against rising-edge clock pl_clk  {rise@0.000ns fall@10.000ns period=20.000ns})
  Path Group:             **async_default**
  Path Type:              Removal (Min at Fast Process Corner)
  Requirement:            0.000ns  (pl_clk rise@0.000ns - pl_clk rise@0.000ns)
  Data Path Delay:        1.896ns  (logic 0.245ns (12.924%)  route 1.651ns (87.076%))
  Logic Levels:           1  (LUT1=1)
  Clock Path Skew:        1.251ns (DCD - SCD - CPR)
    Destination Clock Delay (DCD):    3.107ns
    Source Clock Delay      (SCD):    1.668ns
    Clock Pessimism Removal (CPR):    0.188ns

    Location             Delay type                Incr(ns)  Path(ns)    Netlist Resource(s)
  -------------------------------------------------------------------    -------------------
                         (clock pl_clk rise edge)     0.000     0.000 r  
    Y14                                               0.000     0.000 r  pl_clk (IN)
                         net (fo=0)                   0.000     0.000    pl_clk
    Y14                  IBUF (Prop_ibuf_I_O)         0.301     0.301 r  pl_clk_IBUF_inst/O
                         net (fo=2, routed)           0.648     0.949    pl_clk_IBUF
    BUFGCTRL_X0Y1        BUFG (Prop_bufg_I_O)         0.026     0.975 r  pl_clk_IBUF_BUFG_inst/O
                         net (fo=158, routed)         0.692     1.668    pl_clk_IBUF_BUFG
    SLICE_X100Y134       FDRE                                         r  por_done_reg/C
  -------------------------------------------------------------------    -------------------
    SLICE_X100Y134       FDRE (Prop_fdre_C_Q)         0.148     1.816 r  por_done_reg/Q
                         net (fo=5, routed)           0.303     2.118    u_ibex/gen_regfile_ff.register_file_i/g_rf_flops[31].rf_reg_q_reg[31]_1
    SLICE_X100Y134       LUT1 (Prop_lut1_I0_O)        0.097     2.215 f  u_ibex/gen_regfile_ff.register_file_i/g_rf_flops[1].rf_reg_q[31]_i_3/O
                         net (fo=1682, routed)        1.348     3.563    u_ibex/gen_regfile_ff.register_file_i/por_done_reg
    SLICE_X93Y71         FDCE                                         f  u_ibex/gen_regfile_ff.register_file_i/g_rf_flops[31].rf_reg_q_reg[18]/CLR
  -------------------------------------------------------------------    -------------------

                         (clock pl_clk rise edge)     0.000     0.000 r  
    Y14                                               0.000     0.000 r  pl_clk (IN)
                         net (fo=0)                   0.000     0.000    pl_clk
    Y14                  IBUF (Prop_ibuf_I_O)         0.490     0.490 r  pl_clk_IBUF_inst/O
                         net (fo=2, routed)           1.392     1.882    u_ibex/core_clock_gate_i/pl_clk_IBUF
    SLICE_X60Y46         LUT2 (Prop_lut2_I1_O)        0.056     1.938 r  u_ibex/core_clock_gate_i/g_rf_flops[1].rf_reg_q[31]_i_8/O
                         net (fo=1, routed)           0.292     2.230    u_ibex_n_32
    BUFGCTRL_X0Y0        BUFG (Prop_bufg_I_O)         0.029     2.259 r  g_rf_flops[1].rf_reg_q_reg[31]_i_2/O
                         net (fo=1841, routed)        0.848     3.107    u_ibex/gen_regfile_ff.register_file_i/CLK
    SLICE_X93Y71         FDCE                                         r  u_ibex/gen_regfile_ff.register_file_i/g_rf_flops[31].rf_reg_q_reg[18]/C
                         clock pessimism             -0.188     2.919    
    SLICE_X93Y71         FDCE (Remov_fdce_C_CLR)     -0.165     2.754    u_ibex/gen_regfile_ff.register_file_i/g_rf_flops[31].rf_reg_q_reg[18]
  -------------------------------------------------------------------
                         required time                         -2.754    
                         arrival time                           3.563    
  -------------------------------------------------------------------
                         slack                                  0.809    

Slack (MET) :             0.809ns  (arrival time - required time)
  Source:                 por_done_reg/C
                            (rising edge-triggered cell FDRE clocked by pl_clk  {rise@0.000ns fall@10.000ns period=20.000ns})
  Destination:            u_ibex/gen_regfile_ff.register_file_i/g_rf_flops[31].rf_reg_q_reg[3]/CLR
                            (removal check against rising-edge clock pl_clk  {rise@0.000ns fall@10.000ns period=20.000ns})
  Path Group:             **async_default**
  Path Type:              Removal (Min at Fast Process Corner)
  Requirement:            0.000ns  (pl_clk rise@0.000ns - pl_clk rise@0.000ns)
  Data Path Delay:        1.896ns  (logic 0.245ns (12.924%)  route 1.651ns (87.076%))
  Logic Levels:           1  (LUT1=1)
  Clock Path Skew:        1.251ns (DCD - SCD - CPR)
    Destination Clock Delay (DCD):    3.107ns
    Source Clock Delay      (SCD):    1.668ns
    Clock Pessimism Removal (CPR):    0.188ns

    Location             Delay type                Incr(ns)  Path(ns)    Netlist Resource(s)
  -------------------------------------------------------------------    -------------------
                         (clock pl_clk rise edge)     0.000     0.000 r  
    Y14                                               0.000     0.000 r  pl_clk (IN)
                         net (fo=0)                   0.000     0.000    pl_clk
    Y14                  IBUF (Prop_ibuf_I_O)         0.301     0.301 r  pl_clk_IBUF_inst/O
                         net (fo=2, routed)           0.648     0.949    pl_clk_IBUF
    BUFGCTRL_X0Y1        BUFG (Prop_bufg_I_O)         0.026     0.975 r  pl_clk_IBUF_BUFG_inst/O
                         net (fo=158, routed)         0.692     1.668    pl_clk_IBUF_BUFG
    SLICE_X100Y134       FDRE                                         r  por_done_reg/C
  -------------------------------------------------------------------    -------------------
    SLICE_X100Y134       FDRE (Prop_fdre_C_Q)         0.148     1.816 r  por_done_reg/Q
                         net (fo=5, routed)           0.303     2.118    u_ibex/gen_regfile_ff.register_file_i/g_rf_flops[31].rf_reg_q_reg[31]_1
    SLICE_X100Y134       LUT1 (Prop_lut1_I0_O)        0.097     2.215 f  u_ibex/gen_regfile_ff.register_file_i/g_rf_flops[1].rf_reg_q[31]_i_3/O
                         net (fo=1682, routed)        1.348     3.563    u_ibex/gen_regfile_ff.register_file_i/por_done_reg
    SLICE_X93Y71         FDCE                                         f  u_ibex/gen_regfile_ff.register_file_i/g_rf_flops[31].rf_reg_q_reg[3]/CLR
  -------------------------------------------------------------------    -------------------

                         (clock pl_clk rise edge)     0.000     0.000 r  
    Y14                                               0.000     0.000 r  pl_clk (IN)
                         net (fo=0)                   0.000     0.000    pl_clk
    Y14                  IBUF (Prop_ibuf_I_O)         0.490     0.490 r  pl_clk_IBUF_inst/O
                         net (fo=2, routed)           1.392     1.882    u_ibex/core_clock_gate_i/pl_clk_IBUF
    SLICE_X60Y46         LUT2 (Prop_lut2_I1_O)        0.056     1.938 r  u_ibex/core_clock_gate_i/g_rf_flops[1].rf_reg_q[31]_i_8/O
                         net (fo=1, routed)           0.292     2.230    u_ibex_n_32
    BUFGCTRL_X0Y0        BUFG (Prop_bufg_I_O)         0.029     2.259 r  g_rf_flops[1].rf_reg_q_reg[31]_i_2/O
                         net (fo=1841, routed)        0.848     3.107    u_ibex/gen_regfile_ff.register_file_i/CLK
    SLICE_X93Y71         FDCE                                         r  u_ibex/gen_regfile_ff.register_file_i/g_rf_flops[31].rf_reg_q_reg[3]/C
                         clock pessimism             -0.188     2.919    
    SLICE_X93Y71         FDCE (Remov_fdce_C_CLR)     -0.165     2.754    u_ibex/gen_regfile_ff.register_file_i/g_rf_flops[31].rf_reg_q_reg[3]
  -------------------------------------------------------------------
                         required time                         -2.754    
                         arrival time                           3.563    
  -------------------------------------------------------------------
                         slack                                  0.809    

Slack (MET) :             0.834ns  (arrival time - required time)
  Source:                 por_done_reg/C
                            (rising edge-triggered cell FDRE clocked by pl_clk  {rise@0.000ns fall@10.000ns period=20.000ns})
  Destination:            u_ibex/gen_regfile_ff.register_file_i/g_rf_flops[21].rf_reg_q_reg[14]/CLR
                            (removal check against rising-edge clock pl_clk  {rise@0.000ns fall@10.000ns period=20.000ns})
  Path Group:             **async_default**
  Path Type:              Removal (Min at Fast Process Corner)
  Requirement:            0.000ns  (pl_clk rise@0.000ns - pl_clk rise@0.000ns)
  Data Path Delay:        1.943ns  (logic 0.245ns (12.612%)  route 1.698ns (87.388%))
  Logic Levels:           1  (LUT1=1)
  Clock Path Skew:        1.248ns (DCD - SCD - CPR)
    Destination Clock Delay (DCD):    3.104ns
    Source Clock Delay      (SCD):    1.668ns
    Clock Pessimism Removal (CPR):    0.188ns

    Location             Delay type                Incr(ns)  Path(ns)    Netlist Resource(s)
  -------------------------------------------------------------------    -------------------
                         (clock pl_clk rise edge)     0.000     0.000 r  
    Y14                                               0.000     0.000 r  pl_clk (IN)
                         net (fo=0)                   0.000     0.000    pl_clk
    Y14                  IBUF (Prop_ibuf_I_O)         0.301     0.301 r  pl_clk_IBUF_inst/O
                         net (fo=2, routed)           0.648     0.949    pl_clk_IBUF
    BUFGCTRL_X0Y1        BUFG (Prop_bufg_I_O)         0.026     0.975 r  pl_clk_IBUF_BUFG_inst/O
                         net (fo=158, routed)         0.692     1.668    pl_clk_IBUF_BUFG
    SLICE_X100Y134       FDRE                                         r  por_done_reg/C
  -------------------------------------------------------------------    -------------------
    SLICE_X100Y134       FDRE (Prop_fdre_C_Q)         0.148     1.816 r  por_done_reg/Q
                         net (fo=5, routed)           0.303     2.118    u_ibex/gen_regfile_ff.register_file_i/g_rf_flops[31].rf_reg_q_reg[31]_1
    SLICE_X100Y134       LUT1 (Prop_lut1_I0_O)        0.097     2.215 f  u_ibex/gen_regfile_ff.register_file_i/g_rf_flops[1].rf_reg_q[31]_i_3/O
                         net (fo=1682, routed)        1.395     3.610    u_ibex/gen_regfile_ff.register_file_i/por_done_reg
    SLICE_X92Y73         FDCE                                         f  u_ibex/gen_regfile_ff.register_file_i/g_rf_flops[21].rf_reg_q_reg[14]/CLR
  -------------------------------------------------------------------    -------------------

                         (clock pl_clk rise edge)     0.000     0.000 r  
    Y14                                               0.000     0.000 r  pl_clk (IN)
                         net (fo=0)                   0.000     0.000    pl_clk
    Y14                  IBUF (Prop_ibuf_I_O)         0.490     0.490 r  pl_clk_IBUF_inst/O
                         net (fo=2, routed)           1.392     1.882    u_ibex/core_clock_gate_i/pl_clk_IBUF
    SLICE_X60Y46         LUT2 (Prop_lut2_I1_O)        0.056     1.938 r  u_ibex/core_clock_gate_i/g_rf_flops[1].rf_reg_q[31]_i_8/O
                         net (fo=1, routed)           0.292     2.230    u_ibex_n_32
    BUFGCTRL_X0Y0        BUFG (Prop_bufg_I_O)         0.029     2.259 r  g_rf_flops[1].rf_reg_q_reg[31]_i_2/O
                         net (fo=1841, routed)        0.845     3.104    u_ibex/gen_regfile_ff.register_file_i/CLK
    SLICE_X92Y73         FDCE                                         r  u_ibex/gen_regfile_ff.register_file_i/g_rf_flops[21].rf_reg_q_reg[14]/C
                         clock pessimism             -0.188     2.916    
    SLICE_X92Y73         FDCE (Remov_fdce_C_CLR)     -0.140     2.776    u_ibex/gen_regfile_ff.register_file_i/g_rf_flops[21].rf_reg_q_reg[14]
  -------------------------------------------------------------------
                         required time                         -2.776    
                         arrival time                           3.610    
  -------------------------------------------------------------------
                         slack                                  0.834    

Slack (MET) :             0.848ns  (arrival time - required time)
  Source:                 por_done_reg/C
                            (rising edge-triggered cell FDRE clocked by pl_clk  {rise@0.000ns fall@10.000ns period=20.000ns})
  Destination:            u_ibex/gen_regfile_ff.register_file_i/g_rf_flops[21].rf_reg_q_reg[18]/CLR
                            (removal check against rising-edge clock pl_clk  {rise@0.000ns fall@10.000ns period=20.000ns})
  Path Group:             **async_default**
  Path Type:              Removal (Min at Fast Process Corner)
  Requirement:            0.000ns  (pl_clk rise@0.000ns - pl_clk rise@0.000ns)
  Data Path Delay:        1.961ns  (logic 0.245ns (12.493%)  route 1.716ns (87.507%))
  Logic Levels:           1  (LUT1=1)
  Clock Path Skew:        1.253ns (DCD - SCD - CPR)
    Destination Clock Delay (DCD):    3.109ns
    Source Clock Delay      (SCD):    1.668ns
    Clock Pessimism Removal (CPR):    0.188ns

    Location             Delay type                Incr(ns)  Path(ns)    Netlist Resource(s)
  -------------------------------------------------------------------    -------------------
                         (clock pl_clk rise edge)     0.000     0.000 r  
    Y14                                               0.000     0.000 r  pl_clk (IN)
                         net (fo=0)                   0.000     0.000    pl_clk
    Y14                  IBUF (Prop_ibuf_I_O)         0.301     0.301 r  pl_clk_IBUF_inst/O
                         net (fo=2, routed)           0.648     0.949    pl_clk_IBUF
    BUFGCTRL_X0Y1        BUFG (Prop_bufg_I_O)         0.026     0.975 r  pl_clk_IBUF_BUFG_inst/O
                         net (fo=158, routed)         0.692     1.668    pl_clk_IBUF_BUFG
    SLICE_X100Y134       FDRE                                         r  por_done_reg/C
  -------------------------------------------------------------------    -------------------
    SLICE_X100Y134       FDRE (Prop_fdre_C_Q)         0.148     1.816 r  por_done_reg/Q
                         net (fo=5, routed)           0.303     2.118    u_ibex/gen_regfile_ff.register_file_i/g_rf_flops[31].rf_reg_q_reg[31]_1
    SLICE_X100Y134       LUT1 (Prop_lut1_I0_O)        0.097     2.215 f  u_ibex/gen_regfile_ff.register_file_i/g_rf_flops[1].rf_reg_q[31]_i_3/O
                         net (fo=1682, routed)        1.413     3.629    u_ibex/gen_regfile_ff.register_file_i/por_done_reg
    SLICE_X94Y69         FDCE                                         f  u_ibex/gen_regfile_ff.register_file_i/g_rf_flops[21].rf_reg_q_reg[18]/CLR
  -------------------------------------------------------------------    -------------------

                         (clock pl_clk rise edge)     0.000     0.000 r  
    Y14                                               0.000     0.000 r  pl_clk (IN)
                         net (fo=0)                   0.000     0.000    pl_clk
    Y14                  IBUF (Prop_ibuf_I_O)         0.490     0.490 r  pl_clk_IBUF_inst/O
                         net (fo=2, routed)           1.392     1.882    u_ibex/core_clock_gate_i/pl_clk_IBUF
    SLICE_X60Y46         LUT2 (Prop_lut2_I1_O)        0.056     1.938 r  u_ibex/core_clock_gate_i/g_rf_flops[1].rf_reg_q[31]_i_8/O
                         net (fo=1, routed)           0.292     2.230    u_ibex_n_32
    BUFGCTRL_X0Y0        BUFG (Prop_bufg_I_O)         0.029     2.259 r  g_rf_flops[1].rf_reg_q_reg[31]_i_2/O
                         net (fo=1841, routed)        0.850     3.109    u_ibex/gen_regfile_ff.register_file_i/CLK
    SLICE_X94Y69         FDCE                                         r  u_ibex/gen_regfile_ff.register_file_i/g_rf_flops[21].rf_reg_q_reg[18]/C
                         clock pessimism             -0.188     2.921    
    SLICE_X94Y69         FDCE (Remov_fdce_C_CLR)     -0.140     2.781    u_ibex/gen_regfile_ff.register_file_i/g_rf_flops[21].rf_reg_q_reg[18]
  -------------------------------------------------------------------
                         required time                         -2.781    
                         arrival time                           3.629    
  -------------------------------------------------------------------
                         slack                                  0.848    





--------------------------------------------------------------------------------------
Path Group:  (none)
From Clock:  pl_clk
  To Clock:  

Max Delay             4 Endpoints
Min Delay             4 Endpoints
--------------------------------------------------------------------------------------


Max Delay Paths
--------------------------------------------------------------------------------------
Slack:                    inf
  Source:                 u_gpio/gpio_out_reg_reg[1]_lopt_replica/C
                            (rising edge-triggered cell FDCE clocked by pl_clk  {rise@0.000ns fall@10.000ns period=20.000ns})
  Destination:            led[1]
                            (output port)
  Path Group:             (none)
  Path Type:              Max at Slow Process Corner
  Data Path Delay:        7.857ns  (logic 3.735ns (47.532%)  route 4.122ns (52.468%))
  Logic Levels:           1  (OBUF=1)
  Clock Uncertainty:      0.025ns  ((TSJ^2 + TIJ^2)^1/2 + DJ) / 2 + PE
    Total System Jitter     (TSJ):    0.050ns
    Total Input Jitter      (TIJ):    0.000ns
    Discrete Jitter          (DJ):    0.000ns
    Phase Error              (PE):    0.000ns

    Location             Delay type                Incr(ns)  Path(ns)    Netlist Resource(s)
  -------------------------------------------------------------------    -------------------
                         (clock pl_clk rise edge)     0.000     0.000 r  
    Y14                                               0.000     0.000 r  pl_clk (IN)
                         net (fo=0)                   0.000     0.000    pl_clk
    Y14                  IBUF (Prop_ibuf_I_O)         1.465     1.465 r  pl_clk_IBUF_inst/O
                         net (fo=2, routed)           1.812     3.277    pl_clk_IBUF
    BUFGCTRL_X0Y1        BUFG (Prop_bufg_I_O)         0.085     3.362 r  pl_clk_IBUF_BUFG_inst/O
                         net (fo=158, routed)         1.459     4.821    u_gpio/pl_clk_IBUF_BUFG
    SLICE_X86Y52         FDCE                                         r  u_gpio/gpio_out_reg_reg[1]_lopt_replica/C
  -------------------------------------------------------------------    -------------------
    SLICE_X86Y52         FDCE (Prop_fdce_C_Q)         0.433     5.254 r  u_gpio/gpio_out_reg_reg[1]_lopt_replica/Q
                         net (fo=1, routed)           4.122     9.376    lopt_1
    A7                   OBUF (Prop_obuf_I_O)         3.302    12.678 r  led_OBUF[1]_inst/O
                         net (fo=0)                   0.000    12.678    led[1]
    A7                                                                r  led[1] (OUT)
  -------------------------------------------------------------------    -------------------

Slack:                    inf
  Source:                 u_gpio/gpio_out_reg_reg[2]_lopt_replica/C
                            (rising edge-triggered cell FDCE clocked by pl_clk  {rise@0.000ns fall@10.000ns period=20.000ns})
  Destination:            led[2]
                            (output port)
  Path Group:             (none)
  Path Type:              Max at Slow Process Corner
  Data Path Delay:        7.622ns  (logic 3.675ns (48.213%)  route 3.947ns (51.787%))
  Logic Levels:           1  (OBUF=1)
  Clock Uncertainty:      0.025ns  ((TSJ^2 + TIJ^2)^1/2 + DJ) / 2 + PE
    Total System Jitter     (TSJ):    0.050ns
    Total Input Jitter      (TIJ):    0.000ns
    Discrete Jitter          (DJ):    0.000ns
    Phase Error              (PE):    0.000ns

    Location             Delay type                Incr(ns)  Path(ns)    Netlist Resource(s)
  -------------------------------------------------------------------    -------------------
                         (clock pl_clk rise edge)     0.000     0.000 r  
    Y14                                               0.000     0.000 r  pl_clk (IN)
                         net (fo=0)                   0.000     0.000    pl_clk
    Y14                  IBUF (Prop_ibuf_I_O)         1.465     1.465 r  pl_clk_IBUF_inst/O
                         net (fo=2, routed)           1.812     3.277    pl_clk_IBUF
    BUFGCTRL_X0Y1        BUFG (Prop_bufg_I_O)         0.085     3.362 r  pl_clk_IBUF_BUFG_inst/O
                         net (fo=158, routed)         1.459     4.821    u_gpio/pl_clk_IBUF_BUFG
    SLICE_X87Y54         FDCE                                         r  u_gpio/gpio_out_reg_reg[2]_lopt_replica/C
  -------------------------------------------------------------------    -------------------
    SLICE_X87Y54         FDCE (Prop_fdce_C_Q)         0.379     5.200 r  u_gpio/gpio_out_reg_reg[2]_lopt_replica/Q
                         net (fo=1, routed)           3.947     9.147    lopt_2
    A6                   OBUF (Prop_obuf_I_O)         3.296    12.443 r  led_OBUF[2]_inst/O
                         net (fo=0)                   0.000    12.443    led[2]
    A6                                                                r  led[2] (OUT)
  -------------------------------------------------------------------    -------------------

Slack:                    inf
  Source:                 u_gpio/gpio_out_reg_reg[0]_lopt_replica/C
                            (rising edge-triggered cell FDCE clocked by pl_clk  {rise@0.000ns fall@10.000ns period=20.000ns})
  Destination:            led[0]
                            (output port)
  Path Group:             (none)
  Path Type:              Max at Slow Process Corner
  Data Path Delay:        7.356ns  (logic 3.675ns (49.961%)  route 3.681ns (50.039%))
  Logic Levels:           1  (OBUF=1)
  Clock Uncertainty:      0.025ns  ((TSJ^2 + TIJ^2)^1/2 + DJ) / 2 + PE
    Total System Jitter     (TSJ):    0.050ns
    Total Input Jitter      (TIJ):    0.000ns
    Discrete Jitter          (DJ):    0.000ns
    Phase Error              (PE):    0.000ns

    Location             Delay type                Incr(ns)  Path(ns)    Netlist Resource(s)
  -------------------------------------------------------------------    -------------------
                         (clock pl_clk rise edge)     0.000     0.000 r  
    Y14                                               0.000     0.000 r  pl_clk (IN)
                         net (fo=0)                   0.000     0.000    pl_clk
    Y14                  IBUF (Prop_ibuf_I_O)         1.465     1.465 r  pl_clk_IBUF_inst/O
                         net (fo=2, routed)           1.812     3.277    pl_clk_IBUF
    BUFGCTRL_X0Y1        BUFG (Prop_bufg_I_O)         0.085     3.362 r  pl_clk_IBUF_BUFG_inst/O
                         net (fo=158, routed)         1.459     4.821    u_gpio/pl_clk_IBUF_BUFG
    SLICE_X87Y54         FDCE                                         r  u_gpio/gpio_out_reg_reg[0]_lopt_replica/C
  -------------------------------------------------------------------    -------------------
    SLICE_X87Y54         FDCE (Prop_fdce_C_Q)         0.379     5.200 r  u_gpio/gpio_out_reg_reg[0]_lopt_replica/Q
                         net (fo=1, routed)           3.681     8.881    lopt
    A5                   OBUF (Prop_obuf_I_O)         3.296    12.177 r  led_OBUF[0]_inst/O
                         net (fo=0)                   0.000    12.177    led[0]
    A5                                                                r  led[0] (OUT)
  -------------------------------------------------------------------    -------------------

Slack:                    inf
  Source:                 hb_led_reg/C
                            (rising edge-triggered cell FDRE clocked by pl_clk  {rise@0.000ns fall@10.000ns period=20.000ns})
  Destination:            led[3]
                            (output port)
  Path Group:             (none)
  Path Type:              Max at Slow Process Corner
  Data Path Delay:        5.238ns  (logic 3.724ns (71.096%)  route 1.514ns (28.904%))
  Logic Levels:           1  (OBUF=1)
  Clock Uncertainty:      0.025ns  ((TSJ^2 + TIJ^2)^1/2 + DJ) / 2 + PE
    Total System Jitter     (TSJ):    0.050ns
    Total Input Jitter      (TIJ):    0.000ns
    Discrete Jitter          (DJ):    0.000ns
    Phase Error              (PE):    0.000ns

    Location             Delay type                Incr(ns)  Path(ns)    Netlist Resource(s)
  -------------------------------------------------------------------    -------------------
                         (clock pl_clk rise edge)     0.000     0.000 r  
    Y14                                               0.000     0.000 r  pl_clk (IN)
                         net (fo=0)                   0.000     0.000    pl_clk
    Y14                  IBUF (Prop_ibuf_I_O)         1.465     1.465 r  pl_clk_IBUF_inst/O
                         net (fo=2, routed)           1.812     3.277    pl_clk_IBUF
    BUFGCTRL_X0Y1        BUFG (Prop_bufg_I_O)         0.085     3.362 r  pl_clk_IBUF_BUFG_inst/O
                         net (fo=158, routed)         1.692     5.054    pl_clk_IBUF_BUFG
    SLICE_X100Y134       FDRE                                         r  hb_led_reg/C
  -------------------------------------------------------------------    -------------------
    SLICE_X100Y134       FDRE (Prop_fdre_C_Q)         0.433     5.487 r  hb_led_reg/Q
                         net (fo=2, routed)           1.514     7.001    led_OBUF[3]
    B8                   OBUF (Prop_obuf_I_O)         3.291    10.292 r  led_OBUF[3]_inst/O
                         net (fo=0)                   0.000    10.292    led[3]
    B8                                                                r  led[3] (OUT)
  -------------------------------------------------------------------    -------------------





Min Delay Paths
--------------------------------------------------------------------------------------
Slack:                    inf
  Source:                 hb_led_reg/C
                            (rising edge-triggered cell FDRE clocked by pl_clk  {rise@0.000ns fall@10.000ns period=20.000ns})
  Destination:            led[3]
                            (output port)
  Path Group:             (none)
  Path Type:              Min at Fast Process Corner
  Data Path Delay:        1.800ns  (logic 1.410ns (78.334%)  route 0.390ns (21.666%))
  Logic Levels:           1  (OBUF=1)
  Clock Uncertainty:      0.025ns  ((TSJ^2 + TIJ^2)^1/2 + DJ) / 2 + PE
    Total System Jitter     (TSJ):    0.050ns
    Total Input Jitter      (TIJ):    0.000ns
    Discrete Jitter          (DJ):    0.000ns
    Phase Error              (PE):    0.000ns

    Location             Delay type                Incr(ns)  Path(ns)    Netlist Resource(s)
  -------------------------------------------------------------------    -------------------
                         (clock pl_clk rise edge)     0.000     0.000 r  
    Y14                                               0.000     0.000 r  pl_clk (IN)
                         net (fo=0)                   0.000     0.000    pl_clk
    Y14                  IBUF (Prop_ibuf_I_O)         0.301     0.301 r  pl_clk_IBUF_inst/O
                         net (fo=2, routed)           0.648     0.949    pl_clk_IBUF
    BUFGCTRL_X0Y1        BUFG (Prop_bufg_I_O)         0.026     0.975 r  pl_clk_IBUF_BUFG_inst/O
                         net (fo=158, routed)         0.692     1.668    pl_clk_IBUF_BUFG
    SLICE_X100Y134       FDRE                                         r  hb_led_reg/C
  -------------------------------------------------------------------    -------------------
    SLICE_X100Y134       FDRE (Prop_fdre_C_Q)         0.164     1.832 r  hb_led_reg/Q
                         net (fo=2, routed)           0.390     2.222    led_OBUF[3]
    B8                   OBUF (Prop_obuf_I_O)         1.246     3.468 r  led_OBUF[3]_inst/O
                         net (fo=0)                   0.000     3.468    led[3]
    B8                                                                r  led[3] (OUT)
  -------------------------------------------------------------------    -------------------

Slack:                    inf
  Source:                 u_gpio/gpio_out_reg_reg[0]_lopt_replica/C
                            (rising edge-triggered cell FDCE clocked by pl_clk  {rise@0.000ns fall@10.000ns period=20.000ns})
  Destination:            led[0]
                            (output port)
  Path Group:             (none)
  Path Type:              Min at Fast Process Corner
  Data Path Delay:        2.955ns  (logic 1.392ns (47.113%)  route 1.563ns (52.887%))
  Logic Levels:           1  (OBUF=1)
  Clock Uncertainty:      0.025ns  ((TSJ^2 + TIJ^2)^1/2 + DJ) / 2 + PE
    Total System Jitter     (TSJ):    0.050ns
    Total Input Jitter      (TIJ):    0.000ns
    Discrete Jitter          (DJ):    0.000ns
    Phase Error              (PE):    0.000ns

    Location             Delay type                Incr(ns)  Path(ns)    Netlist Resource(s)
  -------------------------------------------------------------------    -------------------
                         (clock pl_clk rise edge)     0.000     0.000 r  
    Y14                                               0.000     0.000 r  pl_clk (IN)
                         net (fo=0)                   0.000     0.000    pl_clk
    Y14                  IBUF (Prop_ibuf_I_O)         0.301     0.301 r  pl_clk_IBUF_inst/O
                         net (fo=2, routed)           0.648     0.949    pl_clk_IBUF
    BUFGCTRL_X0Y1        BUFG (Prop_bufg_I_O)         0.026     0.975 r  pl_clk_IBUF_BUFG_inst/O
                         net (fo=158, routed)         0.585     1.560    u_gpio/pl_clk_IBUF_BUFG
    SLICE_X87Y54         FDCE                                         r  u_gpio/gpio_out_reg_reg[0]_lopt_replica/C
  -------------------------------------------------------------------    -------------------
    SLICE_X87Y54         FDCE (Prop_fdce_C_Q)         0.141     1.701 r  u_gpio/gpio_out_reg_reg[0]_lopt_replica/Q
                         net (fo=1, routed)           1.563     3.264    lopt
    A5                   OBUF (Prop_obuf_I_O)         1.251     4.515 r  led_OBUF[0]_inst/O
                         net (fo=0)                   0.000     4.515    led[0]
    A5                                                                r  led[0] (OUT)
  -------------------------------------------------------------------    -------------------

Slack:                    inf
  Source:                 u_gpio/gpio_out_reg_reg[2]_lopt_replica/C
                            (rising edge-triggered cell FDCE clocked by pl_clk  {rise@0.000ns fall@10.000ns period=20.000ns})
  Destination:            led[2]
                            (output port)
  Path Group:             (none)
  Path Type:              Min at Fast Process Corner
  Data Path Delay:        3.124ns  (logic 1.392ns (44.554%)  route 1.732ns (55.446%))
  Logic Levels:           1  (OBUF=1)
  Clock Uncertainty:      0.025ns  ((TSJ^2 + TIJ^2)^1/2 + DJ) / 2 + PE
    Total System Jitter     (TSJ):    0.050ns
    Total Input Jitter      (TIJ):    0.000ns
    Discrete Jitter          (DJ):    0.000ns
    Phase Error              (PE):    0.000ns

    Location             Delay type                Incr(ns)  Path(ns)    Netlist Resource(s)
  -------------------------------------------------------------------    -------------------
                         (clock pl_clk rise edge)     0.000     0.000 r  
    Y14                                               0.000     0.000 r  pl_clk (IN)
                         net (fo=0)                   0.000     0.000    pl_clk
    Y14                  IBUF (Prop_ibuf_I_O)         0.301     0.301 r  pl_clk_IBUF_inst/O
                         net (fo=2, routed)           0.648     0.949    pl_clk_IBUF
    BUFGCTRL_X0Y1        BUFG (Prop_bufg_I_O)         0.026     0.975 r  pl_clk_IBUF_BUFG_inst/O
                         net (fo=158, routed)         0.585     1.560    u_gpio/pl_clk_IBUF_BUFG
    SLICE_X87Y54         FDCE                                         r  u_gpio/gpio_out_reg_reg[2]_lopt_replica/C
  -------------------------------------------------------------------    -------------------
    SLICE_X87Y54         FDCE (Prop_fdce_C_Q)         0.141     1.701 r  u_gpio/gpio_out_reg_reg[2]_lopt_replica/Q
                         net (fo=1, routed)           1.732     3.433    lopt_2
    A6                   OBUF (Prop_obuf_I_O)         1.251     4.684 r  led_OBUF[2]_inst/O
                         net (fo=0)                   0.000     4.684    led[2]
    A6                                                                r  led[2] (OUT)
  -------------------------------------------------------------------    -------------------

Slack:                    inf
  Source:                 u_gpio/gpio_out_reg_reg[1]_lopt_replica/C
                            (rising edge-triggered cell FDCE clocked by pl_clk  {rise@0.000ns fall@10.000ns period=20.000ns})
  Destination:            led[1]
                            (output port)
  Path Group:             (none)
  Path Type:              Min at Fast Process Corner
  Data Path Delay:        3.243ns  (logic 1.421ns (43.805%)  route 1.822ns (56.195%))
  Logic Levels:           1  (OBUF=1)
  Clock Uncertainty:      0.025ns  ((TSJ^2 + TIJ^2)^1/2 + DJ) / 2 + PE
    Total System Jitter     (TSJ):    0.050ns
    Total Input Jitter      (TIJ):    0.000ns
    Discrete Jitter          (DJ):    0.000ns
    Phase Error              (PE):    0.000ns

    Location             Delay type                Incr(ns)  Path(ns)    Netlist Resource(s)
  -------------------------------------------------------------------    -------------------
                         (clock pl_clk rise edge)     0.000     0.000 r  
    Y14                                               0.000     0.000 r  pl_clk (IN)
                         net (fo=0)                   0.000     0.000    pl_clk
    Y14                  IBUF (Prop_ibuf_I_O)         0.301     0.301 r  pl_clk_IBUF_inst/O
                         net (fo=2, routed)           0.648     0.949    pl_clk_IBUF
    BUFGCTRL_X0Y1        BUFG (Prop_bufg_I_O)         0.026     0.975 r  pl_clk_IBUF_BUFG_inst/O
                         net (fo=158, routed)         0.586     1.561    u_gpio/pl_clk_IBUF_BUFG
    SLICE_X86Y52         FDCE                                         r  u_gpio/gpio_out_reg_reg[1]_lopt_replica/C
  -------------------------------------------------------------------    -------------------
    SLICE_X86Y52         FDCE (Prop_fdce_C_Q)         0.164     1.725 r  u_gpio/gpio_out_reg_reg[1]_lopt_replica/Q
                         net (fo=1, routed)           1.822     3.547    lopt_1
    A7                   OBUF (Prop_obuf_I_O)         1.257     4.804 r  led_OBUF[1]_inst/O
                         net (fo=0)                   0.000     4.804    led[1]
    A7                                                                r  led[1] (OUT)
  -------------------------------------------------------------------    -------------------





